{
    "name": "root",
    "gauges": {
        "Hide.Policy.Entropy.mean": {
            "value": 1.3208128213882446,
            "min": 1.3208128213882446,
            "max": 1.4809802770614624,
            "count": 17
        },
        "Hide.Policy.Entropy.sum": {
            "value": 12743.2021484375,
            "min": 12743.2021484375,
            "max": 15165.23828125,
            "count": 17
        },
        "Hide.Step.mean": {
            "value": 169994.0,
            "min": 9984.0,
            "max": 169994.0,
            "count": 17
        },
        "Hide.Step.sum": {
            "value": 169994.0,
            "min": 9984.0,
            "max": 169994.0,
            "count": 17
        },
        "Hide.Policy.ExtrinsicValueEstimate.mean": {
            "value": -0.31107446551322937,
            "min": -5.592778205871582,
            "max": 1.9154489040374756,
            "count": 17
        },
        "Hide.Policy.ExtrinsicValueEstimate.sum": {
            "value": -48.83869171142578,
            "min": -883.658935546875,
            "max": 298.8100280761719,
            "count": 17
        },
        "Hide.Losses.PolicyLoss.mean": {
            "value": 0.24281567942725404,
            "min": 0.22933962909670577,
            "max": 0.253505052232484,
            "count": 17
        },
        "Hide.Losses.PolicyLoss.sum": {
            "value": 9.469811497662908,
            "min": 3.4400944364505865,
            "max": 10.071673888863543,
            "count": 17
        },
        "Hide.Losses.ValueLoss.mean": {
            "value": 0.019006900519894402,
            "min": 0.019006900519894402,
            "max": 54.311578662324415,
            "count": 17
        },
        "Hide.Losses.ValueLoss.sum": {
            "value": 0.7412691202758817,
            "min": 0.7412691202758817,
            "max": 887.1477509854594,
            "count": 17
        },
        "Hide.Policy.LearningRate.mean": {
            "value": 0.0002009190791808308,
            "min": 0.0002009190791808308,
            "max": 0.00029656340114553336,
            "count": 17
        },
        "Hide.Policy.LearningRate.sum": {
            "value": 0.0078358440880524,
            "min": 0.004448451017183001,
            "max": 0.009483792838736,
            "count": 17
        },
        "Hide.Policy.Epsilon.mean": {
            "value": 0.1669730153846154,
            "min": 0.1669730153846154,
            "max": 0.19885446666666665,
            "count": 17
        },
        "Hide.Policy.Epsilon.sum": {
            "value": 6.511947600000001,
            "min": 2.982817,
            "max": 7.161264,
            "count": 17
        },
        "Hide.Policy.Beta.mean": {
            "value": 0.0005000000000000001,
            "min": 0.0005,
            "max": 0.0005000000000000002,
            "count": 17
        },
        "Hide.Policy.Beta.sum": {
            "value": 0.019500000000000003,
            "min": 0.007500000000000003,
            "max": 0.020000000000000004,
            "count": 17
        },
        "Hide.Environment.EpisodeLength.mean": {
            "value": 4841.0,
            "min": 191.0,
            "max": 4841.0,
            "count": 7
        },
        "Hide.Environment.EpisodeLength.sum": {
            "value": 9682.0,
            "min": 382.0,
            "max": 12518.0,
            "count": 7
        },
        "Hide.Environment.CumulativeReward.mean": {
            "value": -74.17966842651367,
            "min": -100.0,
            "max": -72.64151000976562,
            "count": 7
        },
        "Hide.Environment.CumulativeReward.sum": {
            "value": -148.35933685302734,
            "min": -348.1395606994629,
            "max": -100.0,
            "count": 7
        },
        "Hide.Policy.ExtrinsicReward.mean": {
            "value": -74.17966842651367,
            "min": -100.0,
            "max": -72.64151000976562,
            "count": 7
        },
        "Hide.Policy.ExtrinsicReward.sum": {
            "value": -148.35933685302734,
            "min": -348.1395606994629,
            "max": -100.0,
            "count": 7
        },
        "Hide.IsTraining.mean": {
            "value": 1.0,
            "min": 1.0,
            "max": 1.0,
            "count": 17
        },
        "Hide.IsTraining.sum": {
            "value": 1.0,
            "min": 1.0,
            "max": 1.0,
            "count": 17
        },
        "Seek.Policy.Entropy.mean": {
            "value": 1.5909440517425537,
            "min": 1.4503620862960815,
            "max": 1.5933811664581299,
            "count": 17
        },
        "Seek.Policy.Entropy.sum": {
            "value": 15349.4287109375,
            "min": 14786.6015625,
            "max": 16316.22265625,
            "count": 17
        },
        "Seek.Step.mean": {
            "value": 169994.0,
            "min": 9984.0,
            "max": 169994.0,
            "count": 17
        },
        "Seek.Step.sum": {
            "value": 169994.0,
            "min": 9984.0,
            "max": 169994.0,
            "count": 17
        },
        "Seek.Policy.ExtrinsicValueEstimate.mean": {
            "value": -0.05051528289914131,
            "min": -0.23803585767745972,
            "max": 11.155515670776367,
            "count": 17
        },
        "Seek.Policy.ExtrinsicValueEstimate.sum": {
            "value": -7.930899620056152,
            "min": -37.13359451293945,
            "max": 1751.416015625,
            "count": 17
        },
        "Seek.Losses.PolicyLoss.mean": {
            "value": 0.24404010309256485,
            "min": 0.2299336952108486,
            "max": 0.2573413083608877,
            "count": 17
        },
        "Seek.Losses.PolicyLoss.sum": {
            "value": 9.51756402061003,
            "min": 3.793804903574108,
            "max": 9.912393296561378,
            "count": 17
        },
        "Seek.Losses.ValueLoss.mean": {
            "value": 0.013120636726904111,
            "min": 0.013120636726904111,
            "max": 32.720260619461826,
            "count": 17
        },
        "Seek.Losses.ValueLoss.sum": {
            "value": 0.5117048323492603,
            "min": 0.5117048323492603,
            "max": 743.4983837740355,
            "count": 17
        },
        "Seek.Policy.LearningRate.mean": {
            "value": 0.0002009190791808308,
            "min": 0.0002009190791808308,
            "max": 0.00029656340114553336,
            "count": 17
        },
        "Seek.Policy.LearningRate.sum": {
            "value": 0.0078358440880524,
            "min": 0.004448451017183001,
            "max": 0.009483792838736,
            "count": 17
        },
        "Seek.Policy.Epsilon.mean": {
            "value": 0.1669730153846154,
            "min": 0.1669730153846154,
            "max": 0.19885446666666665,
            "count": 17
        },
        "Seek.Policy.Epsilon.sum": {
            "value": 6.511947600000001,
            "min": 2.982817,
            "max": 7.161264,
            "count": 17
        },
        "Seek.Policy.Beta.mean": {
            "value": 0.0005000000000000001,
            "min": 0.0005,
            "max": 0.0005000000000000002,
            "count": 17
        },
        "Seek.Policy.Beta.sum": {
            "value": 0.019500000000000003,
            "min": 0.007500000000000003,
            "max": 0.020000000000000004,
            "count": 17
        },
        "Seek.Environment.EpisodeLength.mean": {
            "value": 4841.0,
            "min": 191.0,
            "max": 4841.0,
            "count": 7
        },
        "Seek.Environment.EpisodeLength.sum": {
            "value": 9682.0,
            "min": 382.0,
            "max": 12518.0,
            "count": 7
        },
        "Seek.Environment.CumulativeReward.mean": {
            "value": 100.08281326293945,
            "min": 100.08281326293945,
            "max": 103.39831161499023,
            "count": 7
        },