{
    "name": "root",
    "gauges": {
        "Seek.Policy.Entropy.mean": {
            "value": 1.3950210809707642,
            "min": 1.3950210809707642,
            "max": 1.443882942199707,
            "count": 7
        },
        "Seek.Policy.Entropy.sum": {
            "value": 14128.7734375,
            "min": 13882.9736328125,
            "max": 14785.361328125,
            "count": 7
        },
        "Seek.Environment.EpisodeLength.mean": {
            "value": 1107.3333333333333,
            "min": 120.6923076923077,
            "max": 2310.4,
            "count": 7
        },
        "Seek.Environment.EpisodeLength.sum": {
            "value": 3322.0,
            "min": 481.0,
            "max": 11552.0,
            "count": 7
        },
        "Seek.Step.mean": {
            "value": 69981.0,
            "min": 9966.0,
            "max": 69981.0,
            "count": 7
        },
        "Seek.Step.sum": {
            "value": 69981.0,
            "min": 9966.0,
            "max": 69981.0,
            "count": 7
        },
        "Seek.Policy.ExtrinsicValueEstimate.mean": {
            "value": 12.255017280578613,
            "min": 6.552543640136719,
            "max": 16.061748504638672,
            "count": 7
        },
        "Seek.Policy.ExtrinsicValueEstimate.sum": {
            "value": 1936.292724609375,
            "min": 1035.3018798828125,
            "max": 2569.8798828125,
            "count": 7
        },
        "Seek.Environment.CumulativeReward.mean": {
            "value": 102.8363545735677,
            "min": 100.17396392822266,
            "max": 111.01399817833534,
            "count": 7
        },
        "Seek.Environment.CumulativeReward.sum": {
            "value": 308.5090637207031,
            "min": 203.31944274902344,
            "max": 1443.1819763183594,
            "count": 7
        },
        "Seek.Policy.ExtrinsicReward.mean": {
            "value": 102.8363545735677,
            "min": 100.17396392822266,
            "max": 111.01399817833534,
            "count": 7
        },
        "Seek.Policy.ExtrinsicReward.sum": {
            "value": 308.5090637207031,
            "min": 203.31944274902344,
            "max": 1443.1819763183594,
            "count": 7
        },
        "Seek.Losses.PolicyLoss.mean": {
            "value": 0.24426699289020082,
            "min": 0.24426699289020082,
            "max": 0.25488581811253086,
            "count": 7
        },
        "Seek.Losses.PolicyLoss.sum": {
            "value": 19.297092438325866,
            "min": 10.705204360726295,
            "max": 19.297092438325866,
            "count": 7
        },
        "Seek.Losses.ValueLoss.mean": {
            "value": 37.09280856925109,
            "min": 21.833754171552037,
            "max": 150.32336578081146,
            "count": 7
        },
        "Seek.Losses.ValueLoss.sum": {
            "value": 2930.331876970836,
            "min": 1112.3940776960726,
            "max": 6313.5813627940815,
            "count": 7
        },
        "Seek.Policy.LearningRate.mean": {
            "value": 0.00026101030413581007,
            "min": 0.00026101030413581007,
            "max": 0.0002967403582294048,
            "count": 7
        },
        "Seek.Policy.LearningRate.sum": {
            "value": 0.020619814026728994,
            "min": 0.012463095045635,
            "max": 0.020828075057308597,
            "count": 7
        },
        "Seek.Policy.Epsilon.mean": {
            "value": 0.18700343037974687,
            "min": 0.18700343037974687,
            "max": 0.19891345238095243,
            "count": 7
        },
        "Seek.Policy.Epsilon.sum": {
            "value": 14.773271000000003,
            "min": 8.354365000000001,
            "max": 14.773271000000003,
            "count": 7
        },
        "Seek.Policy.Beta.mean": {
            "value": 0.0005000000000000001,
            "min": 0.0005,
            "max": 0.0005000000000000001,
            "count": 7
        },
        "Seek.Policy.Beta.sum": {
            "value": 0.03950000000000001,
            "min": 0.021000000000000005,
            "max": 0.03950000000000001,
            "count": 7
        },
        "Seek.IsTraining.mean": {
            "value": 1.0,
            "min": 1.0,
            "max": 1.0,
            "count": 7
        },
        "Seek.IsTraining.sum": {
            "value": 1.0,
            "min": 1.0,
            "max": 1.0,
            "count": 7
        },
        "Hide.Policy.Entropy.mean": {
            "value": 1.5943942070007324,
            "min": 1.4472076892852783,
            "max": 1.5943942070007324,
            "count": 7
        },
        "Hide.Policy.Entropy.sum": {
            "value": 16148.0244140625,
            "min": 14819.4072265625,
            "max": 16148.0244140625,
            "count": 7
        },
        "Hide.Environment.EpisodeLength.mean": {
            "value": 1107.3333333333333,
            "min": 120.6923076923077,
            "max": 2310.4,
            "count": 7
        },
        "Hide.Environment.EpisodeLength.sum": {
            "value": 3322.0,
            "min": 481.0,
            "max": 11552.0,
            "count": 7
        },
        "Hide.Step.mean": {
            "value": 69981.0,
            "min": 9966.0,
            "max": 69981.0,
            "count": 7
        },
        "Hide.Step.sum": {
            "value": 69981.0,
            "min": 9966.0,
            "max": 69981.0,
            "count": 7
        },
        "Hide.Policy.ExtrinsicValueEstimate.mean": {
            "value": -8.780619621276855,
            "min": -17.963085174560547,
            "max": -5.358135223388672,
            "count": 7
        },
        "Hide.Policy.ExtrinsicValueEstimate.sum": {
            "value": -1387.337890625,
            "min": -2927.98291015625,
            "max": -846.5853881835938,
            "count": 7
        },
        "Hide.Environment.CumulativeReward.mean": {
            "value": -82.56881713867188,
            "min": -100.0,
            "max": -29.950096130371094,
            "count": 7
        },
        "Hide.Environment.CumulativeReward.sum": {
            "value": -247.70645141601562,
            "min": -1300.0,
            "max": -59.90019226074219,
            "count": 7
        },
        "Hide.Policy.ExtrinsicReward.mean": {
            "value": -82.56881713867188,
            "min": -100.0,
            "max": -29.950096130371094,
            "count": 7
        },
        "Hide.Policy.ExtrinsicReward.sum": {
            "value": -247.70645141601562,
            "min": -1300.0,
            "max": -59.90019226074219,
            "count": 7
        },
        "Hide.Losses.PolicyLoss.mean": {
            "value": 0.2430221313430038,
            "min": 0.2430221313430038,
            "max": 0.2633987358344341,
            "count": 7
        },
        "Hide.Losses.PolicyLoss.sum": {
            "value": 19.1987483760973,
            "min": 11.06274690504623,
            "max": 19.578455470735367,
            "count": 7
        },
        "Hide.Losses.ValueLoss.mean": {
            "value": 27.623795061251545,
            "min": 22.405290660785674,
            "max": 156.31582537756452,
            "count": 7
        },
        "Hide.Losses.ValueLoss.sum": {
            "value": 2182.279809838872,
            "min": 1220.5977708121252,
            "max": 6565.26466585771,
            "count": 7
        },
        "Hide.Policy.LearningRate.mean": {
            "value": 0.00026101030413581007,
            "min": 0.00026101030413581007,
            "max": 0.0002967403582294048,
            "count": 7
        },
        "Hide.Policy.LearningRate.sum": {
            "value": 0.020619814026728994,
            "min": 0.012463095045635,
            "max": 0.020828075057308597,
            "count": 7
        },
        "Hide.Policy.Epsilon.mean": {
            "value": 0.18700343037974687,
            "min": 0.18700343037974687,