{
    "name": "root",
    "gauges": {
        "Seek.Policy.Entropy.mean": {
            "value": 1.2547588348388672,
            "min": 1.2547588348388672,
            "max": 1.4660671949386597,
            "count": 43
        },
        "Seek.Policy.Entropy.sum": {
            "value": 12226.3701171875,
            "min": 12226.3701171875,
            "max": 15031.5986328125,
            "count": 43
        },
        "Seek.Environment.EpisodeLength.mean": {
            "value": 1017.0,
            "min": 108.0,
            "max": 14267.0,
            "count": 21
        },
        "Seek.Environment.EpisodeLength.sum": {
            "value": 1017.0,
            "min": 346.0,
            "max": 23228.0,
            "count": 21
        },
        "Seek.Step.mean": {
            "value": 429999.0,
            "min": 9967.0,
            "max": 429999.0,
            "count": 43
        },
        "Seek.Step.sum": {
            "value": 429999.0,
            "min": 9967.0,
            "max": 429999.0,
            "count": 43
        },
        "Seek.Policy.ExtrinsicValueEstimate.mean": {
            "value": 0.0346761979162693,
            "min": -0.42377719283103943,
            "max": 26.497055053710938,
            "count": 43
        },
        "Seek.Policy.ExtrinsicValueEstimate.sum": {
            "value": 5.444162845611572,
            "min": -66.53302001953125,
            "max": 4266.02587890625,
            "count": 43
        },
        "Seek.Environment.CumulativeReward.mean": {
            "value": 103.83999831788242,
            "min": 100.56999969482422,
            "max": 103.83999831788242,
            "count": 21
        },
        "Seek.Environment.CumulativeReward.sum": {
            "value": 103.83999831788242,
            "min": 100.56999969482422,
            "max": 1121.4600047450513,
            "count": 21
        },
        "Seek.Policy.ExtrinsicReward.mean": {
            "value": 103.83999831788242,
            "min": 100.56999969482422,
            "max": 103.83999831788242,
            "count": 21
        },
        "Seek.Policy.ExtrinsicReward.sum": {
            "value": 103.83999831788242,
            "min": 100.56999969482422,
            "max": 1121.4600047450513,
            "count": 21
        },
        "Seek.Losses.PolicyLoss.mean": {
            "value": 0.25098652059676263,
            "min": 0.23750393673900635,
            "max": 0.25175936668986737,
            "count": 43
        },
        "Seek.Losses.PolicyLoss.sum": {
            "value": 17.318069921176622,
            "min": 10.342719263838433,
            "max": 19.77284779173755,
            "count": 43
        },
        "Seek.Losses.ValueLoss.mean": {
            "value": 0.011464423784833063,
            "min": 0.011464423784833063,
            "max": 140.47434651332506,
            "count": 43
        },
        "Seek.Losses.ValueLoss.sum": {
            "value": 0.7910452411534813,
            "min": 0.7910452411534813,
            "max": 5899.922553559652,
            "count": 43
        },
        "Seek.Policy.LearningRate.mean": {
            "value": 4.499588500139999e-05,
            "min": 4.499588500139999e-05,
            "max": 0.00029675661536684284,
            "count": 43
        },
        "Seek.Policy.LearningRate.sum": {
            "value": 0.003104716065096599,
            "min": 0.003104716065096599,
            "max": 0.020828154857281997,
            "count": 43
        },
        "Seek.Policy.Epsilon.mean": {
            "value": 0.11499859999999999,
            "min": 0.11499859999999999,
            "max": 0.19891887142857143,
            "count": 43
        },
        "Seek.Policy.Epsilon.sum": {
            "value": 7.9349034,
            "min": 7.9349034,
            "max": 14.742718000000002,
            "count": 43
        },
        "Seek.Policy.Beta.mean": {
            "value": 0.0005,
            "min": 0.0005,
            "max": 0.0005000000000000001,
            "count": 43
        },
        "Seek.Policy.Beta.sum": {
            "value": 0.0345,
            "min": 0.021000000000000005,
            "max": 0.03950000000000001,
            "count": 43
        },
        "Seek.IsTraining.mean": {
            "value": 1.0,
            "min": 1.0,
            "max": 1.0,
            "count": 43
        },
        "Seek.IsTraining.sum": {
            "value": 1.0,
            "min": 1.0,
            "max": 1.0,
            "count": 43
        },
        "Hide.Policy.Entropy.mean": {
            "value": 1.2210865020751953,
            "min": 1.2201240062713623,
            "max": 1.4649995565414429,
            "count": 43
        },
        "Hide.Policy.Entropy.sum": {
            "value": 11898.2666015625,
            "min": 11898.2666015625,
            "max": 14860.955078125,
            "count": 43
        },
        "Hide.Environment.EpisodeLength.mean": {
            "value": 1017.0,
            "min": 108.0,
            "max": 14267.0,
            "count": 21
        },
        "Hide.Environment.EpisodeLength.sum": {
            "value": 1017.0,
            "min": 346.0,
            "max": 23228.0,
            "count": 21
        },
        "Hide.Step.mean": {
            "value": 429999.0,
            "min": 9967.0,
            "max": 429999.0,
            "count": 43
        },
        "Hide.Step.sum": {
            "value": 429999.0,
            "min": 9967.0,
            "max": 429999.0,
            "count": 43
        },
        "Hide.Policy.ExtrinsicValueEstimate.mean": {
            "value": 0.1275012195110321,
            "min": -27.210725784301758,
            "max": 0.6345014572143555,
            "count": 43
        },
        "Hide.Policy.ExtrinsicValueEstimate.sum": {
            "value": 20.017690658569336,
            "min": -4380.9267578125,
            "max": 99.61672973632812,
            "count": 43
        },
        "Hide.Environment.CumulativeReward.mean": {
            "value": -98.59000010043383,
            "min": -99.99000000022352,
            "max": -44.15000113751739,
            "count": 21
        },
        "Hide.Environment.CumulativeReward.sum": {
            "value": -98.59000010043383,
            "min": -988.7500131763518,
            "max": -46.419995591044426,
            "count": 21
        },
        "Hide.Policy.ExtrinsicReward.mean": {
            "value": -98.59000010043383,
            "min": -99.99000000022352,
            "max": -44.15000113751739,
            "count": 21
        },
        "Hide.Policy.ExtrinsicReward.sum": {
            "value": -98.59000010043383,
            "min": -988.7500131763518,
            "max": -46.419995591044426,
            "count": 21
        },
        "Hide.Losses.PolicyLoss.mean": {
            "value": 0.23747441913541406,
            "min": 0.23747441913541406,
            "max": 0.2527285733416342,
            "count": 43
        },
        "Hide.Losses.PolicyLoss.sum": {
            "value": 16.38573492034357,
            "min": 10.432815005312895,
            "max": 19.56618622069742,
            "count": 43
        },
        "Hide.Losses.ValueLoss.mean": {
            "value": 0.01586148549352154,
            "min": 0.01586148549352154,
            "max": 137.87016581688013,
            "count": 43
        },
        "Hide.Losses.ValueLoss.sum": {
            "value": 1.0944424990529864,
            "min": 1.0944424990529864,
            "max": 7098.013447546962,
            "count": 43
        },
        "Hide.Policy.LearningRate.mean": {
            "value": 4.499588500139999e-05,
            "min": 4.499588500139999e-05,
            "max": 0.00029675661536684284,
            "count": 43
        },
        "Hide.Policy.LearningRate.sum": {
            "value": 0.003104716065096599,
            "min": 0.003104716065096599,
            "max": 0.020828154857281997,
            "count": 43
        },
        "Hide.Policy.Epsilon.mean": {
            "value": 0.11499859999999999,
            "min": 0.11499859999999999,