{
    "name": "root",
    "gauges": {
        "Seek.Policy.Entropy.mean": {
            "value": 10.004814147949219,
            "min": 9.76950740814209,
            "max": 10.004814147949219,
            "count": 4
        },
        "Seek.Policy.Entropy.sum": {
            "value": 99567.90625,
            "min": 99414.390625,
            "max": 100670.2265625,
            "count": 4
        },
        "Seek.Environment.EpisodeLength.mean": {
            "value": 118.77380952380952,
            "min": 39.6583850931677,
            "max": 118.77380952380952,
            "count": 4
        },
        "Seek.Environment.EpisodeLength.sum": {
            "value": 9977.0,
            "min": 6385.0,
            "max": 9977.0,
            "count": 4
        },
        "Seek.Step.mean": {
            "value": 39954.0,
            "min": 9938.0,
            "max": 39954.0,
            "count": 4
        },
        "Seek.Step.sum": {
            "value": 39954.0,
            "min": 9938.0,
            "max": 39954.0,
            "count": 4
        },
        "Seek.Policy.ExtrinsicValueEstimate.mean": {
            "value": 46.749267578125,
            "min": 46.749267578125,
            "max": 65.26805114746094,
            "count": 4
        },
        "Seek.Policy.ExtrinsicValueEstimate.sum": {
            "value": 9209.60546875,
            "min": 9209.60546875,
            "max": 15860.13671875,
            "count": 4
        },
        "Seek.Environment.CumulativeReward.mean": {
            "value": 97.4504193805513,
            "min": 97.4504193805513,
            "max": 104.78567469670223,
            "count": 4
        },
        "Seek.Environment.CumulativeReward.sum": {
            "value": 8185.835227966309,
            "min": 8185.835227966309,
            "max": 15834.622398376465,
            "count": 4
        },
        "Seek.Policy.ExtrinsicReward.mean": {
            "value": 97.4504193805513,
            "min": 97.4504193805513,
            "max": 104.78567469670223,
            "count": 4
        },
        "Seek.Policy.ExtrinsicReward.sum": {
            "value": 8185.835227966309,
            "min": 8185.835227966309,
            "max": 15834.622398376465,
            "count": 4
        },
        "Seek.Losses.PolicyLoss.mean": {
            "value": 0.24147530750413115,
            "min": 0.24147530750413115,
            "max": 0.25020888865362606,
            "count": 4
        },
        "Seek.Losses.PolicyLoss.sum": {
            "value": 18.35212337031397,
            "min": 14.642165067770978,
            "max": 18.937181629890656,
            "count": 4
        },
        "Seek.Losses.ValueLoss.mean": {
            "value": 92.71450084305293,
            "min": 92.71450084305293,
            "max": 105.54267684079524,
            "count": 4
        },
        "Seek.Losses.ValueLoss.sum": {
            "value": 7046.302064072022,
            "min": 5804.783865782876,
            "max": 8126.786116741233,
            "count": 4
        },
        "Seek.Policy.LearningRate.mean": {
            "value": 0.0002789676859581421,
            "min": 0.0002789676859581421,
            "max": 0.00029693438746254913,
            "count": 4
        },
        "Seek.Policy.LearningRate.sum": {
            "value": 0.0212015441328188,
            "min": 0.0175191288602904,
            "max": 0.021940861586379597,
            "count": 4
        },
        "Seek.Policy.Epsilon.mean": {
            "value": 0.19298922631578944,
            "min": 0.19298922631578944,
            "max": 0.19897812881355934,
            "count": 4
        },
        "Seek.Policy.Epsilon.sum": {
            "value": 14.667181199999998,
            "min": 11.739709600000001,
            "max": 15.0136204,
            "count": 4
        },
        "Seek.Policy.Beta.mean": {
            "value": 0.04999999999999999,
            "min": 0.04999999999999998,
            "max": 0.04999999999999999,
            "count": 4
        },
        "Seek.Policy.Beta.sum": {
            "value": 3.799999999999999,
            "min": 2.9499999999999993,
            "max": 3.849999999999999,
            "count": 4
        },
        "Seek.IsTraining.mean": {
            "value": 1.0,
            "min": 1.0,
            "max": 1.0,
            "count": 4
        },
        "Seek.IsTraining.sum": {
            "value": 1.0,
            "min": 1.0,
            "max": 1.0,
            "count": 4
        },
        "Hide.Policy.Entropy.mean": {
            "value": 7.0784711837768555,
            "min": 6.804307460784912,
            "max": 7.0784711837768555,
            "count": 4
        },
        "Hide.Policy.Entropy.sum": {
            "value": 70444.9453125,
            "min": 69629.0,
            "max": 70916.953125,
            "count": 4
        },
        "Hide.Environment.EpisodeLength.mean": {
            "value": 118.77380952380952,
            "min": 39.6583850931677,
            "max": 118.77380952380952,
            "count": 4
        },
        "Hide.Environment.EpisodeLength.sum": {
            "value": 9977.0,
            "min": 6385.0,
            "max": 9977.0,
            "count": 4
        },
        "Hide.Step.mean": {
            "value": 39954.0,
            "min": 9938.0,
            "max": 39954.0,
            "count": 4
        },
        "Hide.Step.sum": {
            "value": 39954.0,
            "min": 9938.0,
            "max": 39954.0,
            "count": 4
        },
        "Hide.Policy.ExtrinsicValueEstimate.mean": {
            "value": -49.71820068359375,
            "min": -61.12200164794922,
            "max": -49.71820068359375,
            "count": 4
        },
        "Hide.Policy.ExtrinsicValueEstimate.sum": {
            "value": -9794.4853515625,
            "min": -14852.646484375,
            "max": -9794.4853515625,
            "count": 4
        },
        "Hide.Environment.CumulativeReward.mean": {
            "value": -75.57470312572661,
            "min": -84.43572645920973,
            "max": -75.57470312572661,
            "count": 4
        },
        "Hide.Environment.CumulativeReward.sum": {
            "value": -6348.275062561035,
            "min": -13211.784683227539,
            "max": -6348.275062561035,
            "count": 4
        },
        "Hide.Policy.ExtrinsicReward.mean": {
            "value": -75.57470312572661,
            "min": -84.43572645920973,
            "max": -75.57470312572661,
            "count": 4
        },
        "Hide.Policy.ExtrinsicReward.sum": {
            "value": -6348.275062561035,
            "min": -13211.784683227539,
            "max": -6348.275062561035,
            "count": 4
        },
        "Hide.Losses.PolicyLoss.mean": {
            "value": 0.24295577723163522,
            "min": 0.24194633252807507,
            "max": 0.2447590353367855,
            "count": 4
        },
        "Hide.Losses.PolicyLoss.sum": {
            "value": 18.464639069604278,
            "min": 14.440783084870345,
            "max": 18.809654234900496,
            "count": 4
        },
        "Hide.Losses.ValueLoss.mean": {
            "value": 719.5032126006563,
            "min": 611.9475025710767,
            "max": 719.5032126006563,
            "count": 4
        },
        "Hide.Losses.ValueLoss.sum": {
            "value": 54682.244157649875,
            "min": 42243.7560354988,
            "max": 54682.244157649875,
            "count": 4
        },
        "Hide.Policy.LearningRate.mean": {
            "value": 0.0002789676859581421,
            "min": 0.0002789676859581421,
            "max": 0.00029693438746254913,
            "count": 4
        },
        "Hide.Policy.LearningRate.sum": {
            "value": 0.0212015441328188,
            "min": 0.0175191288602904,
            "max": 0.021940861586379597,
            "count": 4
        },
        "Hide.Policy.Epsilon.mean": {
            "value": 0.19298922631578944,
            "min": 0.19298922631578944,