{
    "name": "root",
    "gauges": {
        "Seek.Policy.Entropy.mean": {
            "value": 1.2783904075622559,
            "min": 1.2409782409667969,
            "max": 1.3649590015411377,
            "count": 15
        },
        "Seek.Policy.Entropy.sum": {
            "value": 13029.35546875,
            "min": 12211.2255859375,
            "max": 13977.1806640625,
            "count": 15
        },
        "Seek.Environment.EpisodeLength.mean": {
            "value": 870.8571428571429,
            "min": 76.0,
            "max": 1999.0,
            "count": 13
        },
        "Seek.Environment.EpisodeLength.sum": {
            "value": 6096.0,
            "min": 304.0,
            "max": 30356.0,
            "count": 13
        },
        "Seek.Step.mean": {
            "value": 149960.0,
            "min": 9972.0,
            "max": 149960.0,
            "count": 15
        },
        "Seek.Step.sum": {
            "value": 149960.0,
            "min": 9972.0,
            "max": 149960.0,
            "count": 15
        },
        "Seek.Policy.ExtrinsicValueEstimate.mean": {
            "value": 14.855740547180176,
            "min": -5.059160232543945,
            "max": 14.855740547180176,
            "count": 15
        },
        "Seek.Policy.ExtrinsicValueEstimate.sum": {
            "value": 2376.91845703125,
            "min": -789.22900390625,
            "max": 2376.91845703125,
            "count": 15
        },
        "Seek.Environment.CumulativeReward.mean": {
            "value": 87.25131334577289,
            "min": 0.0,
            "max": 105.27696418762207,
            "count": 13
        },
        "Seek.Environment.CumulativeReward.sum": {
            "value": 610.7591934204102,
            "min": 0.0,
            "max": 610.7591934204102,
            "count": 13
        },
        "Seek.Policy.ExtrinsicReward.mean": {
            "value": 87.25131334577289,
            "min": 0.0,
            "max": 105.27696418762207,
            "count": 13
        },
        "Seek.Policy.ExtrinsicReward.sum": {
            "value": 610.7591934204102,
            "min": 0.0,
            "max": 610.7591934204102,
            "count": 13
        },
        "Seek.Losses.PolicyLoss.mean": {
            "value": 0.2486797181463943,
            "min": 0.24266823918958313,
            "max": 0.2555136321410887,
            "count": 15
        },
        "Seek.Losses.PolicyLoss.sum": {
            "value": 15.169462806930053,
            "min": 6.387840803527218,
            "max": 15.169462806930053,
            "count": 15
        },
        "Seek.Losses.ValueLoss.mean": {
            "value": 31.162753611548045,
            "min": 0.7178339377626948,
            "max": 32.92291146082377,
            "count": 15
        },
        "Seek.Losses.ValueLoss.sum": {
            "value": 1900.9279703044308,
            "min": 25.544842108735562,
            "max": 1900.9279703044308,
            "count": 15
        },
        "Seek.Policy.LearningRate.mean": {
            "value": 0.00021294424869072458,
            "min": 0.00021294424869072458,
            "max": 0.000296763697078768,
            "count": 15
        },
        "Seek.Policy.LearningRate.sum": {
            "value": 0.0129895991701342,
            "min": 0.0074190924269692,
            "max": 0.0129895991701342,
            "count": 15
        },
        "Seek.Policy.Epsilon.mean": {
            "value": 0.17098140655737704,
            "min": 0.17098140655737704,
            "max": 0.198921232,
            "count": 15
        },
        "Seek.Policy.Epsilon.sum": {
            "value": 10.4298658,
            "min": 4.9730308,
            "max": 10.4298658,
            "count": 15
        },
        "Seek.Policy.Beta.mean": {
            "value": 0.0005000000000000001,
            "min": 0.0005,
            "max": 0.0005000000000000001,
            "count": 15
        },
        "Seek.Policy.Beta.sum": {
            "value": 0.030500000000000006,
            "min": 0.0125,
            "max": 0.030500000000000006,
            "count": 15
        },
        "Seek.IsTraining.mean": {
            "value": 1.0,
            "min": 1.0,
            "max": 1.0,
            "count": 15
        },
        "Seek.IsTraining.sum": {
            "value": 1.0,
            "min": 1.0,
            "max": 1.0,
            "count": 15
        },
        "Hide.Policy.Entropy.mean": {
            "value": 0.8684087991714478,
            "min": 0.8684087991714478,
            "max": 1.0305583477020264,
            "count": 15
        },
        "Hide.Policy.Entropy.sum": {
            "value": 8850.822265625,
            "min": 8568.6591796875,
            "max": 10506.2734375,
            "count": 15
        },
        "Hide.Environment.EpisodeLength.mean": {
            "value": 870.8571428571429,
            "min": 76.0,
            "max": 1999.0,
            "count": 13
        },
        "Hide.Environment.EpisodeLength.sum": {
            "value": 6096.0,
            "min": 304.0,
            "max": 30356.0,
            "count": 13
        },
        "Hide.Step.mean": {
            "value": 149960.0,
            "min": 9972.0,
            "max": 149960.0,
            "count": 15
        },
        "Hide.Step.sum": {
            "value": 149960.0,
            "min": 9972.0,
            "max": 149960.0,
            "count": 15
        },
        "Hide.Policy.ExtrinsicValueEstimate.mean": {
            "value": -13.115249633789062,
            "min": -13.115249633789062,
            "max": 7.303520679473877,
            "count": 15
        },
        "Hide.Policy.ExtrinsicValueEstimate.sum": {
            "value": -2098.43994140625,
            "min": -2098.43994140625,
            "max": 1153.956298828125,
            "count": 15
        },
        "Hide.Environment.CumulativeReward.mean": {
            "value": -85.71428571428571,
            "min": -100.0,
            "max": 1.637054443359375,
            "count": 13
        },
        "Hide.Environment.CumulativeReward.sum": {
            "value": -600.0,
            "min": -600.0,
            "max": 23.64775848388672,
            "count": 13
        },
        "Hide.Policy.ExtrinsicReward.mean": {
            "value": -85.71428571428571,
            "min": -100.0,
            "max": 1.637054443359375,
            "count": 13
        },
        "Hide.Policy.ExtrinsicReward.sum": {
            "value": -600.0,
            "min": -600.0,
            "max": 23.64775848388672,
            "count": 13
        },
        "Hide.Losses.PolicyLoss.mean": {
            "value": 0.2410479704881835,
            "min": 0.2410479704881835,
            "max": 0.2570753444731067,
            "count": 15
        },
        "Hide.Losses.PolicyLoss.sum": {
            "value": 14.703926199779193,
            "min": 6.090631882011126,
            "max": 14.910369979440189,
            "count": 15
        },
        "Hide.Losses.ValueLoss.mean": {
            "value": 38.1154629827626,
            "min": 0.1280908693919549,
            "max": 38.1154629827626,
            "count": 15
        },
        "Hide.Losses.ValueLoss.sum": {
            "value": 2325.0432419485187,
            "min": 6.404543469597746,
            "max": 2325.0432419485187,
            "count": 15
        },
        "Hide.Policy.LearningRate.mean": {
            "value": 0.00021294424869072458,
            "min": 0.00021294424869072458,
            "max": 0.000296763697078768,
            "count": 15
        },
        "Hide.Policy.LearningRate.sum": {
            "value": 0.0129895991701342,
            "min": 0.0074190924269692,
            "max": 0.0129895991701342,
            "count": 15
        },
        "Hide.Policy.Epsilon.mean": {
            "value": 0.17098140655737704,
            "min": 0.17098140655737704,
            "max": 0.198921232,
            "count": 15
        },
        "Hide.Policy.Epsilon.sum": {
            "value": 10.4298658,
            "min": 4.9730308,