{
    "name": "root",
    "gauges": {
        "Hide.Policy.Entropy.mean": {
            "value": 1.195493459701538,
            "min": 1.195376992225647,
            "max": 1.3984506130218506,
            "count": 50
        },
        "Hide.Policy.Entropy.sum": {
            "value": 11993.1904296875,
            "min": 11858.1396484375,
            "max": 14320.134765625,
            "count": 50
        },
        "Hide.Step.mean": {
            "value": 499994.0,
            "min": 9984.0,
            "max": 499994.0,
            "count": 50
        },
        "Hide.Step.sum": {
            "value": 499994.0,
            "min": 9984.0,
            "max": 499994.0,
            "count": 50
        },
        "Hide.Policy.ExtrinsicValueEstimate.mean": {
            "value": -0.054057467728853226,
            "min": -14.968475341796875,
            "max": 2.983607769012451,
            "count": 50
        },
        "Hide.Policy.ExtrinsicValueEstimate.sum": {
            "value": -8.487022399902344,
            "min": -2394.9560546875,
            "max": 468.4264221191406,
            "count": 50
        },
        "Hide.Losses.PolicyLoss.mean": {
            "value": 0.2399665203688282,
            "min": 0.23885217705479728,
            "max": 0.25630636060212025,
            "count": 50
        },
        "Hide.Losses.PolicyLoss.sum": {
            "value": 18.7173885887686,
            "min": 2.2906588607889042,
            "max": 19.22261798807449,
            "count": 50
        },
        "Hide.Losses.ValueLoss.mean": {
            "value": 0.017865489913304004,
            "min": 0.013666541222861345,
            "max": 45.90471955579535,
            "count": 50
        },
        "Hide.Losses.ValueLoss.sum": {
            "value": 1.3935082132377123,
            "min": 0.9293248031545714,
            "max": 2346.071395400015,
            "count": 50
        },
        "Hide.Policy.LearningRate.mean": {
            "value": 2.9988990004e-06,
            "min": 2.9988990004e-06,
            "max": 0.00029692800102399996,
            "count": 50
        },
        "Hide.Policy.LearningRate.sum": {
            "value": 0.00023391412203119997,
            "min": 0.00023391412203119997,
            "max": 0.0116586613137802,
            "count": 50
        },
        "Hide.Policy.Epsilon.mean": {
            "value": 0.10099960000000001,
            "min": 0.10099960000000001,
            "max": 0.198976,
            "count": 50
        },
        "Hide.Policy.Epsilon.sum": {
            "value": 7.8779688000000005,
            "min": 1.790784,
            "max": 10.6955042,
            "count": 50
        },
        "Hide.Policy.Beta.mean": {
            "value": 0.0005000000000000001,
            "min": 0.0005,
            "max": 0.0005000000000000001,
            "count": 50
        },
        "Hide.Policy.Beta.sum": {
            "value": 0.03900000000000001,
            "min": 0.004500000000000001,
            "max": 0.03900000000000001,
            "count": 50
        },
        "Hide.IsTraining.mean": {
            "value": 1.0,
            "min": 1.0,
            "max": 1.0,
            "count": 50
        },
        "Hide.IsTraining.sum": {
            "value": 1.0,
            "min": 1.0,
            "max": 1.0,
            "count": 50
        },
        "Seek.Policy.Entropy.mean": {
            "value": 1.2914537191390991,
            "min": 1.2913095951080322,
            "max": 1.4142698049545288,
            "count": 50
        },
        "Seek.Policy.Entropy.sum": {
            "value": 12955.86328125,
            "min": 12717.306640625,
            "max": 14482.123046875,
            "count": 50
        },
        "Seek.Step.mean": {
            "value": 499994.0,
            "min": 9984.0,
            "max": 499994.0,
            "count": 50
        },
        "Seek.Step.sum": {
            "value": 499994.0,
            "min": 9984.0,
            "max": 499994.0,
            "count": 50
        },
        "Seek.Policy.ExtrinsicValueEstimate.mean": {
            "value": -0.008065395057201385,
            "min": -2.883657932281494,
            "max": 19.093448638916016,
            "count": 50
        },
        "Seek.Policy.ExtrinsicValueEstimate.sum": {
            "value": -1.2662670612335205,
            "min": -452.7342834472656,
            "max": 3054.95166015625,
            "count": 50
        },
        "Seek.Losses.PolicyLoss.mean": {
            "value": 0.24050633249936168,
            "min": 0.23759309837097997,
            "max": 0.25793008814421853,
            "count": 50
        },
        "Seek.Losses.PolicyLoss.sum": {
            "value": 18.75949393495021,
            "min": 2.3168865994174626,
            "max": 19.153771577804743,
            "count": 50
        },
        "Seek.Losses.ValueLoss.mean": {
            "value": 0.007170238345816544,
            "min": 0.0035462636340970535,
            "max": 40.5846710155114,
            "count": 50
        },
        "Seek.Losses.ValueLoss.sum": {
            "value": 0.5592785909736904,
            "min": 0.2446921907526967,
            "max": 2225.4327275099095,
            "count": 50
        },
        "Seek.Policy.LearningRate.mean": {
            "value": 2.9988990004e-06,
            "min": 2.9988990004e-06,
            "max": 0.00029692800102399996,
            "count": 50
        },
        "Seek.Policy.LearningRate.sum": {
            "value": 0.00023391412203119997,
            "min": 0.00023391412203119997,
            "max": 0.0116586613137802,
            "count": 50
        },
        "Seek.Policy.Epsilon.mean": {
            "value": 0.10099960000000001,
            "min": 0.10099960000000001,
            "max": 0.198976,
            "count": 50
        },
        "Seek.Policy.Epsilon.sum": {
            "value": 7.8779688000000005,
            "min": 1.790784,
            "max": 10.6955042,
            "count": 50
        },
        "Seek.Policy.Beta.mean": {
            "value": 0.0005000000000000001,
            "min": 0.0005,
            "max": 0.0005000000000000001,
            "count": 50
        },
        "Seek.Policy.Beta.sum": {
            "value": 0.03900000000000001,
            "min": 0.004500000000000001,
            "max": 0.03900000000000001,
            "count": 50
        },
        "Seek.IsTraining.mean": {
            "value": 1.0,
            "min": 1.0,
            "max": 1.0,
            "count": 50
        },
        "Seek.IsTraining.sum": {
            "value": 1.0,
            "min": 1.0,
            "max": 1.0,
            "count": 50
        },
        "Hide.Environment.EpisodeLength.mean": {
            "value": 4237.0,
            "min": 138.0,
            "max": 17606.0,
            "count": 24
        },
        "Hide.Environment.EpisodeLength.sum": {
            "value": 4237.0,
            "min": 138.0,
            "max": 24704.0,
            "count": 24
        },
        "Hide.Environment.CumulativeReward.mean": {
            "value": -100.0,
            "min": -100.0,
            "max": -100.0,
            "count": 24
        },
        "Hide.Environment.CumulativeReward.sum": {
            "value": -100.0,
            "min": -500.0,
            "max": -100.0,
            "count": 24
        },
        "Hide.Policy.ExtrinsicReward.mean": {
            "value": -100.0,
            "min": -100.0,
            "max": -100.0,
            "count": 24
        },
        "Hide.Policy.ExtrinsicReward.sum": {
            "value": -100.0,
            "min": -500.0,
            "max": -100.0,
            "count": 24
        },
        "Seek.Environment.EpisodeLength.mean": {
            "value": 4237.0,
            "min": 138.0,
            "max": 17606.0,
            "count": 24
        },
        "Seek.Environment.EpisodeLength.sum": {
            "value": 4237.0,
            "min": 138.0,
            "max": 24704.0,
            "count": 24
        },