{
    "name": "root",
    "gauges": {
        "Hide.Policy.Entropy.mean": {
            "value": 9.152810096740723,
            "min": 6.812464237213135,
            "max": 9.152810096740723,
            "count": 50
        },
        "Hide.Policy.Entropy.sum": {
            "value": 91820.9921875,
            "min": 70190.2578125,
            "max": 92809.6875,
            "count": 50
        },
        "Hide.Environment.EpisodeLength.mean": {
            "value": 1744.9166666666667,
            "min": 36.833333333333336,
            "max": 1999.0,
            "count": 50
        },
        "Hide.Environment.EpisodeLength.sum": {
            "value": 20939.0,
            "min": 1999.0,
            "max": 20939.0,
            "count": 50
        },
        "Hide.Step.mean": {
            "value": 499988.0,
            "min": 9969.0,
            "max": 499988.0,
            "count": 50
        },
        "Hide.Step.sum": {
            "value": 499988.0,
            "min": 9969.0,
            "max": 499988.0,
            "count": 50
        },
        "Hide.Policy.ExtrinsicValueEstimate.mean": {
            "value": 1.1560094356536865,
            "min": -60.649166107177734,
            "max": 2.1304759979248047,
            "count": 50
        },
        "Hide.Policy.ExtrinsicValueEstimate.sum": {
            "value": 190.74156188964844,
            "min": -14798.396484375,
            "max": 349.3980712890625,
            "count": 50
        },
        "Hide.Environment.CumulativeReward.mean": {
            "value": 8.379229863484701,
            "min": -100.0,
            "max": 75.40967750549316,
            "count": 50
        },
        "Hide.Environment.CumulativeReward.sum": {
            "value": 100.5507583618164,
            "min": -12318.490982055664,
            "max": 612.477897644043,
            "count": 50
        },
        "Hide.Policy.ExtrinsicReward.mean": {
            "value": 8.379229863484701,
            "min": -100.0,
            "max": 75.40967750549316,
            "count": 50
        },
        "Hide.Policy.ExtrinsicReward.sum": {
            "value": 100.5507583618164,
            "min": -12318.490982055664,
            "max": 612.477897644043,
            "count": 50
        },
        "Hide.Losses.PolicyLoss.mean": {
            "value": 0.23957207675054829,
            "min": 0.23704477166186005,
            "max": 0.2511614169839731,
            "count": 50
        },
        "Hide.Losses.PolicyLoss.sum": {
            "value": 17.728333679540572,
            "min": 13.13206678916438,
            "max": 19.68246510044038,
            "count": 50
        },
        "Hide.Losses.ValueLoss.mean": {
            "value": 43.13658299674182,
            "min": 0.19875832252461964,
            "max": 971.8868951926441,
            "count": 50
        },
        "Hide.Losses.ValueLoss.sum": {
            "value": 3192.107141758895,
            "min": 14.509357544297234,
            "max": 60725.26546042559,
            "count": 50
        },
        "Hide.Policy.LearningRate.mean": {
            "value": 2.9466990178e-06,
            "min": 2.9466990178e-06,
            "max": 0.0002969416343527889,
            "count": 50
        },
        "Hide.Policy.LearningRate.sum": {
            "value": 0.0002180557273172,
            "min": 0.0002180557273172,
            "max": 0.0226039409653532,
            "count": 50
        },
        "Hide.Policy.Epsilon.mean": {
            "value": 0.10098220000000001,
            "min": 0.10098220000000001,
            "max": 0.1989805444444444,
            "count": 50
        },
        "Hide.Policy.Epsilon.sum": {
            "value": 7.4726828,
            "min": 7.140872600000001,
            "max": 15.634646800000002,
            "count": 50
        },
        "Hide.Policy.Beta.mean": {
            "value": 0.04999999999999999,
            "min": 0.049999999999999975,
            "max": 0.05,
            "count": 50
        },
        "Hide.Policy.Beta.sum": {
            "value": 3.6999999999999993,
            "min": 2.6999999999999993,
            "max": 4.05,
            "count": 50
        },
        "Hide.IsTraining.mean": {
            "value": 1.0,
            "min": 1.0,
            "max": 1.0,
            "count": 50
        },
        "Hide.IsTraining.sum": {
            "value": 1.0,
            "min": 1.0,
            "max": 1.0,
            "count": 50
        },
        "Seek.Policy.Entropy.mean": {
            "value": 11.910646438598633,
            "min": 9.771071434020996,
            "max": 11.910646438598633,
            "count": 50
        },
        "Seek.Policy.Entropy.sum": {
            "value": 119487.609375,
            "min": 98972.71875,
            "max": 120854.625,
            "count": 50
        },
        "Seek.Environment.EpisodeLength.mean": {
            "value": 1744.9166666666667,
            "min": 36.833333333333336,
            "max": 1999.0,
            "count": 50
        },
        "Seek.Environment.EpisodeLength.sum": {
            "value": 20939.0,
            "min": 1999.0,
            "max": 20939.0,
            "count": 50
        },
        "Seek.Step.mean": {
            "value": 499988.0,
            "min": 9969.0,
            "max": 499988.0,
            "count": 50
        },
        "Seek.Step.sum": {
            "value": 499988.0,
            "min": 9969.0,
            "max": 499988.0,
            "count": 50
        },
        "Seek.Policy.ExtrinsicValueEstimate.mean": {
            "value": -0.02830892987549305,
            "min": -0.08326203376054764,
            "max": 63.472007751464844,
            "count": 50
        },
        "Seek.Policy.ExtrinsicValueEstimate.sum": {
            "value": -4.670973300933838,
            "min": -13.072139739990234,
            "max": 15487.169921875,
            "count": 50
        },
        "Seek.Environment.CumulativeReward.mean": {
            "value": 9.677420298258463,
            "min": 0.0,
            "max": 106.05682671207121,
            "count": 50
        },
        "Seek.Environment.CumulativeReward.sum": {
            "value": 116.12904357910156,
            "min": 0.0,
            "max": 15379.13525390625,
            "count": 50
        },
        "Seek.Policy.ExtrinsicReward.mean": {
            "value": 9.677420298258463,
            "min": 0.0,
            "max": 106.05682671207121,
            "count": 50
        },
        "Seek.Policy.ExtrinsicReward.sum": {
            "value": 116.12904357910156,
            "min": 0.0,
            "max": 15379.13525390625,
            "count": 50
        },
        "Seek.Losses.PolicyLoss.mean": {
            "value": 0.24406309377423696,
            "min": 0.23428120032578023,
            "max": 0.2554512597673505,
            "count": 50
        },
        "Seek.Losses.PolicyLoss.sum": {
            "value": 18.060668939293535,
            "min": 13.4022409817393,
            "max": 19.58403991017141,
            "count": 50
        },
        "Seek.Losses.ValueLoss.mean": {
            "value": 22.852690638309276,
            "min": 0.1226145018778628,
            "max": 176.4726536586883,
            "count": 50
        },
        "Seek.Losses.ValueLoss.sum": {
            "value": 1691.0991072348863,
            "min": 8.950858637083984,
            "max": 9529.523297569169,
            "count": 50
        },
        "Seek.Policy.LearningRate.mean": {
            "value": 2.9466990178e-06,
            "min": 2.9466990178e-06,
            "max": 0.0002969416343527889,
            "count": 50
        },
        "Seek.Policy.LearningRate.sum": {
            "value": 0.0002180557273172,
            "min": 0.0002180557273172,
            "max": 0.0226039409653532,
            "count": 50
        },
        "Seek.Policy.Epsilon.mean": {
            "value": 0.10098220000000001,
            "min": 0.10098220000000001,
            "max": 0.1989805444444444,
            "count": 50
        },