{
    "name": "root",
    "metadata": {
        "timer_format_version": "0.1.0",
        "start_time_seconds": "1681827343",
        "python_version": "3.7.16 (default, Jan 17 2023, 16:06:28) [MSC v.1916 64 bit (AMD64)]",
        "command_line_arguments": "C:\\Users\\pasarm\\anaconda3\\envs\\ml-agents-2.0.1\\Scripts\\mlagents-learn --initialize-from=hideandseek_21 --run-id=hideandseek_22",
        "mlagents_version": "0.29.0",
        "mlagents_envs_version": "0.29.0",
        "communication_protocol_version": "1.5.0",
        "pytorch_version": "1.13.1+cu117",
        "numpy_version": "1.21.2",
        "end_time_seconds": "1681827547"
    },
    "total": 204.2612591,
    "count": 1,
    "self": 0.017283299999974133,
    "children": {
        "run_training.setup": {
            "total": 0.20322070000000014,
            "count": 1,
            "self": 0.20322070000000014
        },
        "TrainerController.start_learning": {
            "total": 204.0407551,
            "count": 1,
            "self": 0.05889000000001943,
            "children": {
                "TrainerController._reset_env": {
                    "total": 12.806152999999998,
                    "count": 1,
                    "self": 12.806152999999998
                },
                "TrainerController.advance": {
                    "total": 190.75926629999998,
                    "count": 1714,
                    "self": 0.08334020000017972,
                    "children": {
                        "env_step": {
                            "total": 165.5403542000001,
                            "count": 1714,
                            "self": 161.45345390000043,
                            "children": {
                                "SubprocessEnvManager._take_step": {
                                    "total": 4.0508111999998455,
                                    "count": 1714,
                                    "self": 0.38751669999984983,
                                    "children": {
                                        "TorchPolicy.evaluate": {
                                            "total": 3.6632944999999957,
                                            "count": 3348,
                                            "self": 0.8179751000001154,
                                            "children": {
                                                "TorchPolicy.sample_actions": {
                                                    "total": 2.8453193999998803,
                                                    "count": 3348,
                                                    "self": 2.8453193999998803
                                                }
                                            }
                                        }
                                    }
                                },
                                "workers": {
                                    "total": 0.03608909999983467,
                                    "count": 1713,
                                    "self": 0.0,
                                    "children": {
                                        "worker_root": {
                                            "total": 67.33444090000006,
                                            "count": 1713,
                                            "is_parallel": true,
                                            "self": 35.79719959999995,
                                            "children": {
                                                "steps_from_proto": {
                                                    "total": 0.008384200000000064,
                                                    "count": 2,
                                                    "is_parallel": true,
                                                    "self": 0.0008214000000066335,
                                                    "children": {
                                                        "_process_rank_one_or_two_observation": {
                                                            "total": 0.00756279999999343,
                                                            "count": 20,
                                                            "is_parallel": true,
                                                            "self": 0.00756279999999343
                                                        }
                                                    }
                                                },
                                                "UnityEnvironment.step": {
                                                    "total": 31.52885710000011,
                                                    "count": 1713,
                                                    "is_parallel": true,
                                                    "self": 1.9353473000001529,
                                                    "children": {
                                                        "UnityEnvironment._generate_step_input": {
                                                            "total": 1.401157500000064,
                                                            "count": 1713,
                                                            "is_parallel": true,
                                                            "self": 1.401157500000064
                                                        },
                                                        "communicator.exchange": {
                                                            "total": 23.085415000000044,
                                                            "count": 1713,
                                                            "is_parallel": true,
                                                            "self": 23.085415000000044
                                                        },
                                                        "steps_from_proto": {
                                                            "total": 5.106937299999849,
                                                            "count": 3426,
                                                            "is_parallel": true,
                                                            "self": 0.9024056999990524,
                                                            "children": {
                                                                "_process_rank_one_or_two_observation": {
                                                                    "total": 4.204531600000797,
                                                                    "count": 34260,
                                                                    "is_parallel": true,
                                                                    "self": 4.204531600000797
                                                                }
                                                            }
                                                        }
                                                    }
                                                }
                                            }
                                        }
                                    }
                                }
                            }
                        },
                        "trainer_advance": {
                            "total": 25.135571899999693,
                            "count": 3426,
                            "self": 0.1443951999994546,
                            "children": {
                                "process_trajectory": {
                                    "total": 8.978296300000238,
                                    "count": 3426,
                                    "self": 8.978296300000238
                                },