{
    "name": "root",
    "gauges": {
        "Hide.Policy.Entropy.mean": {
            "value": 1.4156790971755981,
            "min": 1.4156790971755981,
            "max": 1.4238436222076416,
            "count": 10
        },
        "Hide.Policy.Entropy.sum": {
            "value": 70919.859375,
            "min": 70776.3515625,
            "max": 71898.40625,
            "count": 10
        },
        "Hide.Environment.EpisodeLength.mean": {
            "value": 843.6470588235294,
            "min": 200.35655737704917,
            "max": 1060.2830188679245,
            "count": 10
        },
        "Hide.Environment.EpisodeLength.sum": {
            "value": 43026.0,
            "min": 35489.0,
            "max": 56564.0,
            "count": 10
        },
        "Hide.Step.mean": {
            "value": 499947.0,
            "min": 49963.0,
            "max": 499947.0,
            "count": 10
        },
        "Hide.Step.sum": {
            "value": 499947.0,
            "min": 49963.0,
            "max": 499947.0,
            "count": 10
        },
        "Hide.Policy.ExtrinsicValueEstimate.mean": {
            "value": -7.474897861480713,
            "min": -30.38212013244629,
            "max": -3.353864908218384,
            "count": 10
        },
        "Hide.Policy.ExtrinsicValueEstimate.sum": {
            "value": -6039.71728515625,
            "min": -26888.17578125,
            "max": -2716.630615234375,
            "count": 10
        },
        "Hide.Environment.CumulativeReward.mean": {
            "value": -50.08893929275812,
            "min": -81.15905030047307,
            "max": -27.857567409299456,
            "count": 10
        },
        "Hide.Environment.CumulativeReward.sum": {
            "value": -2554.535903930664,
            "min": -19802.80827331543,
            "max": -1476.451072692871,
            "count": 10
        },
        "Hide.Policy.ExtrinsicReward.mean": {
            "value": -50.08893929275812,
            "min": -81.15905030047307,
            "max": -27.857567409299456,
            "count": 10
        },
        "Hide.Policy.ExtrinsicReward.sum": {
            "value": -2554.535903930664,
            "min": -19802.80827331543,
            "max": -1476.451072692871,
            "count": 10
        },
        "Hide.Losses.PolicyLoss.mean": {
            "value": 0.02238070283473159,
            "min": 0.022034291238524024,
            "max": 0.02582298679742962,
            "count": 10
        },
        "Hide.Losses.PolicyLoss.sum": {
            "value": 0.11190351417365796,
            "min": 0.09239473296329379,
            "max": 0.1291149339871481,
            "count": 10
        },
        "Hide.Losses.ValueLoss.mean": {
            "value": 28.578314021428422,
            "min": 21.965987253189088,
            "max": 122.10233988444011,
            "count": 10
        },
        "Hide.Losses.ValueLoss.sum": {
            "value": 142.89157010714212,
            "min": 109.82993626594543,
            "max": 610.5116994222005,
            "count": 10
        },
        "Hide.Policy.LearningRate.mean": {
            "value": 1.6159534613520004e-05,
            "min": 1.6159534613520004e-05,
            "max": 0.00028460835513054996,
            "count": 10
        },
        "Hide.Policy.LearningRate.sum": {
            "value": 8.079767306760002e-05,
            "min": 8.079767306760002e-05,
            "max": 0.0012841404719532,
            "count": 10
        },
        "Hide.Policy.Epsilon.mean": {
            "value": 0.10538647999999999,
            "min": 0.10538647999999999,
            "max": 0.19486944999999997,
            "count": 10
        },
        "Hide.Policy.Epsilon.sum": {
            "value": 0.5269324,
            "min": 0.49960680000000013,
            "max": 0.9280468,
            "count": 10
        },
        "Hide.Policy.Beta.mean": {
            "value": 0.0002787853520000001,
            "min": 0.0002787853520000001,
            "max": 0.004743985555,
            "count": 10
        },
        "Hide.Policy.Beta.sum": {
            "value": 0.0013939267600000004,
            "min": 0.0013939267600000004,
            "max": 0.02140953532,
            "count": 10
        },
        "Hide.IsTraining.mean": {
            "value": 1.0,
            "min": 1.0,
            "max": 1.0,
            "count": 10
        },
        "Hide.IsTraining.sum": {
            "value": 1.0,
            "min": 1.0,
            "max": 1.0,
            "count": 10
        },
        "Seek.Policy.Entropy.mean": {
            "value": 1.403024673461914,
            "min": 1.403024673461914,
            "max": 1.4199965000152588,
            "count": 10
        },
        "Seek.Policy.Entropy.sum": {
            "value": 70285.921875,
            "min": 70101.25,
            "max": 71602.1484375,
            "count": 10
        },
        "Seek.Environment.EpisodeLength.mean": {
            "value": 843.6470588235294,
            "min": 200.35655737704917,
            "max": 1060.2830188679245,
            "count": 10
        },
        "Seek.Environment.EpisodeLength.sum": {
            "value": 43026.0,
            "min": 35489.0,
            "max": 56564.0,
            "count": 10
        },
        "Seek.Step.mean": {
            "value": 499947.0,
            "min": 49963.0,
            "max": 499947.0,
            "count": 10
        },
        "Seek.Step.sum": {
            "value": 499947.0,
            "min": 49963.0,
            "max": 499947.0,
            "count": 10
        },
        "Seek.Policy.ExtrinsicValueEstimate.mean": {
            "value": 9.716007232666016,
            "min": 2.782167911529541,
            "max": 36.402591705322266,
            "count": 10
        },
        "Seek.Policy.ExtrinsicValueEstimate.sum": {
            "value": 7850.5341796875,
            "min": 2295.28857421875,
            "max": 32216.294921875,
            "count": 10
        },
        "Seek.Environment.CumulativeReward.mean": {
            "value": 61.05281545601639,
            "min": 42.39814959831958,
            "max": 93.32909505875384,
            "count": 10
        },
        "Seek.Environment.CumulativeReward.sum": {
            "value": 3113.693588256836,
            "min": 2247.1019287109375,
            "max": 22772.299194335938,
            "count": 10
        },
        "Seek.Policy.ExtrinsicReward.mean": {
            "value": 61.05281545601639,
            "min": 42.39814959831958,
            "max": 93.32909505875384,
            "count": 10
        },
        "Seek.Policy.ExtrinsicReward.sum": {
            "value": 3113.693588256836,
            "min": 2247.1019287109375,
            "max": 22772.299194335938,
            "count": 10
        },
        "Seek.Losses.PolicyLoss.mean": {
            "value": 0.024424655134789648,
            "min": 0.020687850145623087,
            "max": 0.026519956792083875,
            "count": 10
        },
        "Seek.Losses.PolicyLoss.sum": {
            "value": 0.12212327567394823,
            "min": 0.08275140058249235,
            "max": 0.13259978396041938,
            "count": 10
        },
        "Seek.Losses.ValueLoss.mean": {
            "value": 13.407368475596112,
            "min": 13.407368475596112,
            "max": 85.06398821512857,
            "count": 10
        },
        "Seek.Losses.ValueLoss.sum": {
            "value": 67.03684237798056,
            "min": 67.03684237798056,
            "max": 425.3199410756429,
            "count": 10
        },
        "Seek.Policy.LearningRate.mean": {
            "value": 1.6159534613520004e-05,
            "min": 1.6159534613520004e-05,
            "max": 0.00028460835513054996,
            "count": 10
        },
        "Seek.Policy.LearningRate.sum": {
            "value": 8.079767306760002e-05,
            "min": 8.079767306760002e-05,
            "max": 0.0012841404719532,
            "count": 10
        },