{"count":1,"self":87.625721599999991,"total":91.6632688,"children":{"InitializeActuators":{"count":2,"self":0.0040089999999999995,"total":0.0040089999999999995,"children":null},"InitializeSensors":{"count":2,"self":0.0060012999999999993,"total":0.0060012999999999993,"children":null},"AgentSendState":{"count":4163,"self":0.54062159999999992,"total":0.5866099,"children":{"CollectObservations":{"count":1666,"self":0.0109812,"total":0.0109812,"children":null},"WriteActionMask":{"count":1666,"self":0.0060000999999999995,"total":0.0060000999999999995,"children":null},"RequestDecision":{"count":1666,"self":0.029006999999999998,"total":0.029006999999999998,"children":null}}},"DecideAction":{"count":4163,"self":3.1271028,"total":3.1820456,"children":{"RayPerceptionSensor.Perceive":{"count":6664,"self":0.054942899999999996,"total":0.054942899999999996,"children":null}}},"AgentAct":{"count":4163,"self":0.2568803,"total":0.2568803,"children":null}},"gauges":{},"metadata":{"timer_format_version":"0.1.0","start_time_seconds":"1681455813","unity_version":"2021.3.16f1","command_line_arguments":"C:\\Program Files\\Unity 2021.3.16f1\\Editor\\Unity.exe -projectpath C:\\Users\\pasarm\\Documents\\Unity\\2D Fight -useHub -hubIPC -cloudEnvironment production -licensingIpc LicenseClient-pasarm -hubSessionId d8dbb580-d997-11ed-acbf-3f6fa2497b68 -accessToken rQcy0I1uzXl8MehCW_C8MKi5U5sp65k2WRbiFhhBmhU002f","communication_protocol_version":"1.5.0","com.unity.ml-agents_version":"2.0.1","scene_name":"Demo Scene","end_time_seconds":"1681455905"}}