{"count":1,"self":247.65693439999998,"total":2662.0312372999997,"children":{"InitializeActuators":{"count":32,"self":0.0034741999999999998,"total":0.0034741999999999998,"children":null},"InitializeSensors":{"count":32,"self":0.0116338,"total":0.0116338,"children":null},"AgentSendState":{"count":136434,"self":123.7810944,"total":160.41887499999999,"children":{"CollectObservations":{"count":873184,"self":2.0844416,"total":2.0844415,"children":null},"WriteActionMask":{"count":873184,"self":0.7253295,"total":0.7253295,"children":null},"RequestDecision":{"count":873184,"self":3.077045,"total":33.828004199999995,"children":{"AgentInfo.ToProto":{"count":873184,"self":2.6246118,"total":30.750959199999997,"children":{"GenerateSensorData":{"count":873184,"self":21.5339968,"total":28.1263474,"children":{"RayPerceptionSensor.Perceive":{"count":3492736,"self":6.5923495999999995,"total":6.5923498,"children":null}}}}}}}}},"DecideAction":{"count":136434,"self":2232.4830208,"total":2232.4830621,"children":null},"AgentAct":{"count":136434,"self":21.4462288,"total":21.4462293,"children":null},"AgentInfo.ToProto":{"count":134,"self":0.0010092,"total":0.0090311,"children":{"GenerateSensorData":{"count":134,"self":0.0070164999999999993,"total":0.0080219,"children":{"RayPerceptionSensor.Perceive":{"count":536,"self":0.0010054,"total":0.0010054,"children":null}}}}}},"gauges":{"Hide.CumulativeReward":{"count":67,"max":110.527664,"min":-100,"runningAverage":-80.8012848,"value":110.527664,"weightedAverage":-33.76915},"Seek.CumulativeReward":{"count":67,"max":106.030045,"min":100.18,"runningAverage":101.72477,"value":105.57003,"weightedAverage":102.986832}},"metadata":{"timer_format_version":"0.1.0","start_time_seconds":"1681484534","unity_version":"2021.3.16f1","command_line_arguments":"C:\\Program Files\\Unity 2021.3.16f1\\Editor\\Unity.exe -projectpath C:\\Users\\pasarm\\Documents\\Unity\\2D Fight -useHub -hubIPC -cloudEnvironment production -licensingIpc LicenseClient-pasarm -hubSessionId d8dbb580-d997-11ed-acbf-3f6fa2497b68 -accessToken rQcy0I1uzXl8MehCW_C8MKi5U5sp65k2WRbiFhhBmhU002f","communication_protocol_version":"1.5.0","com.unity.ml-agents_version":"2.0.1","scene_name":"Training","end_time_seconds":"1681487196"}}