{"count":1,"self":2874.4710144,"total":11280.6524625,"children":{"InitializeActuators":{"count":32,"self":0.0021276,"total":0.0021276,"children":null},"InitializeSensors":{"count":32,"self":0.0030153,"total":0.0030153,"children":null},"AgentSendState":{"count":2664467,"self":951.97962239999993,"total":1299.4128414,"children":{"CollectObservations":{"count":8526304,"self":23.433561599999997,"total":23.4335621,"children":null},"WriteActionMask":{"count":8526304,"self":6.6083099999999995,"total":6.6083099999999995,"children":null},"RequestDecision":{"count":8526304,"self":29.687696,"total":317.3913372,"children":{"AgentInfo.ToProto":{"count":8526304,"self":26.2197088,"total":287.7036424,"children":{"GenerateSensorData":{"count":8526304,"self":197.55839999999998,"total":261.4839333,"children":{"RayPerceptionSensor.Perceive":{"count":34105216,"self":63.925535999999994,"total":63.9255333,"children":null}}}}}}}}},"DecideAction":{"count":2664467,"self":7020.0795136,"total":7020.0793871999995,"children":null},"AgentAct":{"count":2664467,"self":86.436166399999991,"total":86.642906799999992,"children":{"AgentInfo.ToProto":{"count":4115,"self":0.0350553,"total":0.2067389,"children":{"GenerateSensorData":{"count":4115,"self":0.1361502,"total":0.1716836,"children":{"RayPerceptionSensor.Perceive":{"count":16460,"self":0.0355334,"total":0.0355334,"children":null}}}}}}},"AgentInfo.ToProto":{"count":692,"self":0.0059726,"total":0.040128199999999996,"children":{"GenerateSensorData":{"count":692,"self":0.027156399999999997,"total":0.0341556,"children":{"RayPerceptionSensor.Perceive":{"count":2768,"self":0.0069992,"total":0.0069992,"children":null}}}}}},"gauges":{"Hide.CumulativeReward":{"count":16,"max":0,"min":0,"runningAverage":0,"value":0,"weightedAverage":0},"Seek.CumulativeReward":{"count":4791,"max":133.333344,"min":0,"runningAverage":14.2590389,"value":0,"weightedAverage":0.787875056}},"metadata":{"timer_format_version":"0.1.0","start_time_seconds":"1681865064","unity_version":"2021.3.16f1","command_line_arguments":"C:\\Program Files\\Unity 2021.3.16f1\\Editor\\Unity.exe -projectpath C:\\Users\\pasarm\\Documents\\Unity\\2D Fight -useHub -hubIPC -cloudEnvironment production -licensingIpc LicenseClient-pasarm -hubSessionId 3d64f9c0-de49-11ed-8a49-a1c071fd73a9 -accessToken 3X0rpUutsh_bKAhvYsQ3gPMJA9gqHfqYbdvyFgbvfGM002f","communication_protocol_version":"1.5.0","com.unity.ml-agents_version":"2.0.1","scene_name":"Training","end_time_seconds":"1681876345"}}