{"count":1,"self":964.54758399999992,"total":2164.68377,"children":{"InitializeActuators":{"count":32,"self":0.0029327999999999997,"total":0.0029327999999999997,"children":null},"InitializeSensors":{"count":32,"self":0.0049995,"total":0.0049995,"children":null},"AgentSendState":{"count":318501,"self":118.64450559999999,"total":163.341555,"children":{"CollectObservations":{"count":1019216,"self":3.0428045999999997,"total":3.0428045999999997,"children":null},"WriteActionMask":{"count":1019216,"self":0.8247287,"total":0.8247287,"children":null},"RequestDecision":{"count":1019216,"self":3.8573847999999997,"total":40.829521299999996,"children":{"AgentInfo.ToProto":{"count":1019216,"self":3.2113228,"total":36.9721366,"children":{"GenerateSensorData":{"count":1019216,"self":26.3074224,"total":33.7608138,"children":{"RayPerceptionSensor.Perceive":{"count":4076864,"self":7.4533911999999996,"total":7.4533913,"children":null}}}}}}}}},"DecideAction":{"count":318501,"self":1025.5340544,"total":1025.5340846,"children":null},"AgentAct":{"count":318501,"self":11.220647999999999,"total":11.2476381,"children":{"AgentInfo.ToProto":{"count":494,"self":0.0059952999999999994,"total":0.0269902,"children":{"GenerateSensorData":{"count":494,"self":0.0119971,"total":0.0209949,"children":{"RayPerceptionSensor.Perceive":{"count":1976,"self":0.0089978,"total":0.0089978,"children":null}}}}}}},"AgentInfo.ToProto":{"count":69,"self":0.0009984,"total":0.0039986,"children":{"GenerateSensorData":{"count":69,"self":0.0030001999999999997,"total":0.0030001999999999997,"children":{"RayPerceptionSensor.Perceive":{"count":276,"self":0,"total":0,"children":null}}}}}},"gauges":{"Hide.CumulativeReward":{"count":16,"max":0,"min":0,"runningAverage":0,"value":0,"weightedAverage":0},"Seek.CumulativeReward":{"count":547,"max":145.454559,"min":0,"runningAverage":7.23945475,"value":106.825943,"weightedAverage":45.7987938}},"metadata":{"timer_format_version":"0.1.0","start_time_seconds":"1681838502","unity_version":"2021.3.16f1","command_line_arguments":"C:\\Program Files\\Unity 2021.3.16f1\\Editor\\Unity.exe -projectpath C:\\Users\\pasarm\\Documents\\Unity\\2D Fight -useHub -hubIPC -cloudEnvironment production -licensingIpc LicenseClient-pasarm -hubSessionId 87b16f10-ddf2-11ed-a617-81f027c1d7de -accessToken GzvkItpPqLSVLaiYqsNdgyk10XBQzttratQNc3X2Tjc002f","communication_protocol_version":"1.5.0","com.unity.ml-agents_version":"2.0.1","scene_name":"Training","end_time_seconds":"1681840667"}}