{"count":1,"self":14.220921599999999,"total":15.063772499999999,"children":{"InitializeActuators":{"count":32,"self":0.0019928999999999997,"total":0.0019928999999999997,"children":null},"InitializeSensors":{"count":32,"self":0.0049962999999999995,"total":0.0049962999999999995,"children":null},"AgentSendState":{"count":340,"self":0.60074779999999994,"total":0.6526813,"children":{"CollectObservations":{"count":2176,"self":0.006534,"total":0.006534,"children":null},"WriteActionMask":{"count":2176,"self":0.002987,"total":0.002987,"children":null},"RequestDecision":{"count":2176,"self":0.0243754,"total":0.0424125,"children":{"RayPerceptionSensor.Perceive":{"count":8704,"self":0.0180371,"total":0.0180371,"children":null}}}}},"DecideAction":{"count":340,"self":0.025098699999999998,"total":0.025098699999999998,"children":null},"AgentAct":{"count":340,"self":0.15608059999999999,"total":0.15608059999999999,"children":null}},"gauges":{},"metadata":{"timer_format_version":"0.1.0","start_time_seconds":"1681438146","unity_version":"2021.3.16f1","command_line_arguments":"C:\\Program Files\\Unity 2021.3.16f1\\Editor\\Unity.exe -projectpath C:\\Users\\pasarm\\Documents\\Unity\\2D Fight -useHub -hubIPC -cloudEnvironment production -licensingIpc LicenseClient-pasarm -hubSessionId d8dbb580-d997-11ed-acbf-3f6fa2497b68 -accessToken rQcy0I1uzXl8MehCW_C8MKi5U5sp65k2WRbiFhhBmhU002f","communication_protocol_version":"1.5.0","com.unity.ml-agents_version":"2.0.1","scene_name":"Training","end_time_seconds":"1681438161"}}