{
    "name": "root",
    "metadata": {
        "timer_format_version": "0.1.0",
        "start_time_seconds": "1681484367",
        "python_version": "3.7.16 (default, Jan 17 2023, 16:06:28) [MSC v.1916 64 bit (AMD64)]",
        "command_line_arguments": "C:\\Users\\pasarm\\anaconda3\\envs\\ml-agents-2.0.1\\Scripts\\mlagents-learn Config/config.yaml --run-id=hideandseek_08",
        "mlagents_version": "0.29.0",
        "mlagents_envs_version": "0.29.0",
        "communication_protocol_version": "1.5.0",
        "pytorch_version": "1.13.1+cu117",
        "numpy_version": "1.21.2",
        "end_time_seconds": "1681484490"
    },
    "total": 122.3131795,
    "count": 1,
    "self": 0.015490300000010393,
    "children": {
        "run_training.setup": {
            "total": 0.15038260000000037,
            "count": 1,
            "self": 0.15038260000000037
        },
        "TrainerController.start_learning": {
            "total": 122.1473066,
            "count": 1,
            "self": 0.0072397999999651574,
            "children": {
                "TrainerController._reset_env": {
                    "total": 20.477038399999998,
                    "count": 1,
                    "self": 20.477038399999998
                },
                "TrainerController.advance": {
                    "total": 101.38210880000003,
                    "count": 201,
                    "self": 0.009386300000159054,
                    "children": {
                        "env_step": {
                            "total": 86.52687729999995,
                            "count": 201,
                            "self": 85.9765683999999,
                            "children": {
                                "SubprocessEnvManager._take_step": {
                                    "total": 0.5462564000000043,
                                    "count": 201,
                                    "self": 0.05004790000004533,
                                    "children": {
                                        "TorchPolicy.evaluate": {
                                            "total": 0.496208499999959,
                                            "count": 394,
                                            "self": 0.09841039999987089,
                                            "children": {
                                                "TorchPolicy.sample_actions": {
                                                    "total": 0.3977981000000881,
                                                    "count": 394,
                                                    "self": 0.3977981000000881
                                                }
                                            }
                                        }
                                    }
                                },
                                "workers": {
                                    "total": 0.004052500000042869,
                                    "count": 200,
                                    "self": 0.0,
                                    "children": {
                                        "worker_root": {
                                            "total": 24.488446299999996,
                                            "count": 200,
                                            "is_parallel": true,
                                            "self": 16.153397300000027,
                                            "children": {
                                                "steps_from_proto": {
                                                    "total": 0.0028484000000013054,
                                                    "count": 2,
                                                    "is_parallel": true,
                                                    "self": 0.0005495000000053096,
                                                    "children": {
                                                        "_process_rank_one_or_two_observation": {
                                                            "total": 0.002298899999995996,
                                                            "count": 20,
                                                            "is_parallel": true,
                                                            "self": 0.002298899999995996
                                                        }
                                                    }
                                                },
                                                "UnityEnvironment.step": {
                                                    "total": 8.332200599999968,
                                                    "count": 200,
                                                    "is_parallel": true,
                                                    "self": 0.2303273000000381,
                                                    "children": {
                                                        "UnityEnvironment._generate_step_input": {
                                                            "total": 0.16015449999999376,
                                                            "count": 200,
                                                            "is_parallel": true,
                                                            "self": 0.16015449999999376
                                                        },
                                                        "communicator.exchange": {
                                                            "total": 7.316508499999969,
                                                            "count": 200,
                                                            "is_parallel": true,
                                                            "self": 7.316508499999969
                                                        },
                                                        "steps_from_proto": {
                                                            "total": 0.6252102999999671,
                                                            "count": 400,
                                                            "is_parallel": true,
                                                            "self": 0.1081925999997928,
                                                            "children": {
                                                                "_process_rank_one_or_two_observation": {
                                                                    "total": 0.5170177000001743,
                                                                    "count": 4000,
                                                                    "is_parallel": true,
                                                                    "self": 0.5170177000001743
                                                                }
                                                            }
                                                        }
                                                    }
                                                }
                                            }
                                        }
                                    }
                                }
                            }
                        },
                        "trainer_advance": {
                            "total": 14.845845199999921,
                            "count": 400,
                            "self": 0.015729699999912583,
                            "children": {
                                "process_trajectory": {
                                    "total": 1.1238787999999786,
                                    "count": 400,
                                    "self": 1.1238787999999786
                                },