{
    "name": "root",
    "gauges": {
        "Hide.Policy.Entropy.mean": {
            "value": 0.8927920460700989,
            "min": 0.8927920460700989,
            "max": 0.8927920460700989,
            "count": 1
        },
        "Hide.Policy.Entropy.sum": {
            "value": 9327.8916015625,
            "min": 9327.8916015625,
            "max": 9327.8916015625,
            "count": 1
        },
        "Hide.Step.mean": {
            "value": 9978.0,
            "min": 9978.0,
            "max": 9978.0,
            "count": 1
        },
        "Hide.Step.sum": {
            "value": 9978.0,
            "min": 9978.0,
            "max": 9978.0,
            "count": 1
        },
        "Hide.Policy.ExtrinsicValueEstimate.mean": {
            "value": -26.576791763305664,
            "min": -26.576791763305664,
            "max": -26.576791763305664,
            "count": 1
        },
        "Hide.Policy.ExtrinsicValueEstimate.sum": {
            "value": -4411.74755859375,
            "min": -4411.74755859375,
            "max": -4411.74755859375,
            "count": 1
        },
        "Hide.Losses.PolicyLoss.mean": {
            "value": 0.3398237281901256,
            "min": 0.3398237281901256,
            "max": 0.3398237281901256,
            "count": 1
        },
        "Hide.Losses.PolicyLoss.sum": {
            "value": 14.952244040365525,
            "min": 14.952244040365525,
            "max": 14.952244040365525,
            "count": 1
        },
        "Hide.Losses.ValueLoss.mean": {
            "value": 48.73198172717341,
            "min": 48.73198172717341,
            "max": 48.73198172717341,
            "count": 1
        },
        "Hide.Losses.ValueLoss.sum": {
            "value": 2144.20719599563,
            "min": 2144.20719599563,
            "max": 2144.20719599563,
            "count": 1
        },
        "Hide.Policy.LearningRate.mean": {
            "value": 0.0012019364235718183,
            "min": 0.0012019364235718183,
            "max": 0.0012019364235718183,
            "count": 1
        },
        "Hide.Policy.LearningRate.sum": {
            "value": 0.052885202637160005,
            "min": 0.052885202637160005,
            "max": 0.052885202637160005,
            "count": 1
        },
        "Hide.Policy.Epsilon.mean": {
            "value": 0.14006454545454547,
            "min": 0.14006454545454547,
            "max": 0.14006454545454547,
            "count": 1
        },
        "Hide.Policy.Epsilon.sum": {
            "value": 6.16284,
            "min": 6.16284,
            "max": 6.16284,
            "count": 1
        },
        "Hide.Policy.Beta.mean": {
            "value": 0.010000000000000002,
            "min": 0.010000000000000002,
            "max": 0.010000000000000002,
            "count": 1
        },
        "Hide.Policy.Beta.sum": {
            "value": 0.44000000000000006,
            "min": 0.44000000000000006,
            "max": 0.44000000000000006,
            "count": 1
        },
        "Hide.Environment.EpisodeLength.mean": {
            "value": 164.2941176470588,
            "min": 164.2941176470588,
            "max": 164.2941176470588,
            "count": 1
        },
        "Hide.Environment.EpisodeLength.sum": {
            "value": 2793.0,
            "min": 2793.0,
            "max": 2793.0,
            "count": 1
        },
        "Hide.Environment.CumulativeReward.mean": {
            "value": -100.0,
            "min": -100.0,
            "max": -100.0,
            "count": 1
        },
        "Hide.Environment.CumulativeReward.sum": {
            "value": -1700.0,
            "min": -1700.0,
            "max": -1700.0,
            "count": 1
        },
        "Hide.Policy.ExtrinsicReward.mean": {
            "value": -100.0,
            "min": -100.0,
            "max": -100.0,
            "count": 1
        },
        "Hide.Policy.ExtrinsicReward.sum": {
            "value": -1700.0,
            "min": -1700.0,
            "max": -1700.0,
            "count": 1
        },
        "Hide.IsTraining.mean": {
            "value": 1.0,
            "min": 1.0,
            "max": 1.0,
            "count": 1
        },
        "Hide.IsTraining.sum": {
            "value": 1.0,
            "min": 1.0,
            "max": 1.0,
            "count": 1
        },
        "Seek.Policy.Entropy.mean": {
            "value": 1.3990120887756348,
            "min": 1.3990120887756348,
            "max": 1.3990120887756348,
            "count": 1
        },
        "Seek.Policy.Entropy.sum": {
            "value": 14616.8779296875,
            "min": 14616.8779296875,
            "max": 14616.8779296875,
            "count": 1
        },
        "Seek.Step.mean": {
            "value": 9978.0,
            "min": 9978.0,
            "max": 9978.0,
            "count": 1
        },
        "Seek.Step.sum": {
            "value": 9978.0,
            "min": 9978.0,
            "max": 9978.0,
            "count": 1
        },
        "Seek.Policy.ExtrinsicValueEstimate.mean": {
            "value": 29.76619529724121,
            "min": 29.76619529724121,
            "max": 29.76619529724121,
            "count": 1
        },
        "Seek.Policy.ExtrinsicValueEstimate.sum": {
            "value": 4941.1884765625,
            "min": 4941.1884765625,
            "max": 4941.1884765625,
            "count": 1
        },
        "Seek.Losses.PolicyLoss.mean": {
            "value": 0.28108517812717604,
            "min": 0.28108517812717604,
            "max": 0.28108517812717604,
            "count": 1
        },
        "Seek.Losses.PolicyLoss.sum": {
            "value": 12.367747837595745,
            "min": 12.367747837595745,
            "max": 12.367747837595745,
            "count": 1
        },
        "Seek.Losses.ValueLoss.mean": {
            "value": 44.41345952961502,
            "min": 44.41345952961502,
            "max": 44.41345952961502,
            "count": 1
        },
        "Seek.Losses.ValueLoss.sum": {
            "value": 1954.192219303061,
            "min": 1954.192219303061,
            "max": 1954.192219303061,
            "count": 1
        },
        "Seek.Policy.LearningRate.mean": {
            "value": 0.0012019364235718183,
            "min": 0.0012019364235718183,
            "max": 0.0012019364235718183,
            "count": 1
        },
        "Seek.Policy.LearningRate.sum": {
            "value": 0.052885202637160005,
            "min": 0.052885202637160005,
            "max": 0.052885202637160005,
            "count": 1
        },
        "Seek.Policy.Epsilon.mean": {
            "value": 0.14006454545454547,
            "min": 0.14006454545454547,
            "max": 0.14006454545454547,
            "count": 1
        },
        "Seek.Policy.Epsilon.sum": {
            "value": 6.16284,
            "min": 6.16284,
            "max": 6.16284,
            "count": 1
        },
        "Seek.Policy.Beta.mean": {
            "value": 0.010000000000000002,
            "min": 0.010000000000000002,
            "max": 0.010000000000000002,
            "count": 1
        },
        "Seek.Policy.Beta.sum": {
            "value": 0.44000000000000006,
            "min": 0.44000000000000006,
            "max": 0.44000000000000006,
            "count": 1
        },
        "Seek.Environment.EpisodeLength.mean": {
            "value": 164.2941176470588,
            "min": 164.2941176470588,
            "max": 164.2941176470588,
            "count": 1
        },
        "Seek.Environment.EpisodeLength.sum": {
            "value": 2793.0,
            "min": 2793.0,
            "max": 2793.0,
            "count": 1
        },
        "Seek.Environment.CumulativeReward.mean": {
            "value": 105.36552204805263,
            "min": 105.36552204805263,
            "max": 105.36552204805263,
            "count": 1
        },
        "Seek.Environment.CumulativeReward.sum": {
            "value": 1791.2138748168945,