{
    "name": "root",
    "gauges": {
        "Seek.Policy.Entropy.mean": {
            "value": 1.1592305898666382,
            "min": 1.113886833190918,
            "max": 1.2016078233718872,
            "count": 50
        },
        "Seek.Policy.Entropy.sum": {
            "value": 11870.521484375,
            "min": 10613.513671875,
            "max": 12224.201171875,
            "count": 50
        },
        "Seek.Environment.EpisodeLength.mean": {
            "value": 15200.0,
            "min": 32.5,
            "max": 15200.0,
            "count": 14
        },
        "Seek.Environment.EpisodeLength.sum": {
            "value": 15200.0,
            "min": 130.0,
            "max": 15200.0,
            "count": 14
        },
        "Seek.Step.mean": {
            "value": 499941.0,
            "min": 9990.0,
            "max": 499941.0,
            "count": 50
        },
        "Seek.Step.sum": {
            "value": 499941.0,
            "min": 9990.0,
            "max": 499941.0,
            "count": 50
        },
        "Seek.Policy.ExtrinsicValueEstimate.mean": {
            "value": 0.003580912481993437,
            "min": -0.28093379735946655,
            "max": 17.503284454345703,
            "count": 50
        },
        "Seek.Policy.ExtrinsicValueEstimate.sum": {
            "value": 0.5586223602294922,
            "min": -43.8256721496582,
            "max": 2765.518798828125,
            "count": 50
        },
        "Seek.Environment.CumulativeReward.mean": {
            "value": 100.0,
            "min": 100.0,
            "max": 100.0,
            "count": 14
        },
        "Seek.Environment.CumulativeReward.sum": {
            "value": 100.0,
            "min": 100.0,
            "max": 500.0,
            "count": 14
        },
        "Seek.Policy.ExtrinsicReward.mean": {
            "value": 100.0,
            "min": 100.0,
            "max": 100.0,
            "count": 14
        },
        "Seek.Policy.ExtrinsicReward.sum": {
            "value": 100.0,
            "min": 100.0,
            "max": 500.0,
            "count": 14
        },
        "Seek.Losses.PolicyLoss.mean": {
            "value": 0.24184640300714594,
            "min": 0.2368492614315775,
            "max": 0.25726556025203373,
            "count": 50
        },
        "Seek.Losses.PolicyLoss.sum": {
            "value": 7.255392090214378,
            "min": 4.558394347381829,
            "max": 7.574279438701171,
            "count": 50
        },
        "Seek.Losses.ValueLoss.mean": {
            "value": 0.0007074170548583435,
            "min": 0.0007074170548583435,
            "max": 95.67704973594856,
            "count": 50
        },
        "Seek.Losses.ValueLoss.sum": {
            "value": 0.021222511645750303,
            "min": 0.021222511645750303,
            "max": 1817.8639449830225,
            "count": 50
        },
        "Seek.Policy.LearningRate.mean": {
            "value": 2.9154990282e-06,
            "min": 2.9154990282e-06,
            "max": 0.0002970827693934631,
            "count": 50
        },
        "Seek.Policy.LearningRate.sum": {
            "value": 8.7464970846e-05,
            "min": 8.7464970846e-05,
            "max": 0.0069261450912852,
            "count": 50
        },
        "Seek.Policy.Epsilon.mean": {
            "value": 0.1009718,
            "min": 0.1009718,
            "max": 0.19902758947368424,
            "count": 50
        },
        "Seek.Policy.Epsilon.sum": {
            "value": 3.029154,
            "min": 2.9953768000000007,
            "max": 5.308714800000001,
            "count": 50
        },
        "Seek.Policy.Beta.mean": {
            "value": 0.0005000000000000001,
            "min": 0.0005,
            "max": 0.0005000000000000002,
            "count": 50
        },
        "Seek.Policy.Beta.sum": {
            "value": 0.015000000000000005,
            "min": 0.009500000000000001,
            "max": 0.015000000000000006,
            "count": 50
        },
        "Seek.IsTraining.mean": {
            "value": 1.0,
            "min": 1.0,
            "max": 1.0,
            "count": 50
        },
        "Seek.IsTraining.sum": {
            "value": 1.0,
            "min": 1.0,
            "max": 1.0,
            "count": 50
        },
        "Hide.Policy.Entropy.mean": {
            "value": 1.5202335119247437,
            "min": 1.511949062347412,
            "max": 1.5920171737670898,
            "count": 50
        },
        "Hide.Policy.Entropy.sum": {
            "value": 15567.19140625,
            "min": 14158.3349609375,
            "max": 16302.255859375,
            "count": 50
        },
        "Hide.Environment.EpisodeLength.mean": {
            "value": 15200.0,
            "min": 32.5,
            "max": 15200.0,
            "count": 14
        },
        "Hide.Environment.EpisodeLength.sum": {
            "value": 15200.0,
            "min": 130.0,
            "max": 15200.0,
            "count": 14
        },
        "Hide.Step.mean": {
            "value": 499941.0,
            "min": 9990.0,
            "max": 499941.0,
            "count": 50
        },
        "Hide.Step.sum": {
            "value": 499941.0,
            "min": 9990.0,
            "max": 499941.0,
            "count": 50
        },
        "Hide.Policy.ExtrinsicValueEstimate.mean": {
            "value": 0.026985883712768555,
            "min": -16.3022518157959,
            "max": 0.9605921506881714,
            "count": 50
        },
        "Hide.Policy.ExtrinsicValueEstimate.sum": {
            "value": 4.2097978591918945,
            "min": -2575.755859375,
            "max": 149.8523712158203,
            "count": 50
        },
        "Hide.Environment.CumulativeReward.mean": {
            "value": -100.0,
            "min": -100.0,
            "max": -100.0,
            "count": 14
        },
        "Hide.Environment.CumulativeReward.sum": {
            "value": -100.0,
            "min": -500.0,
            "max": -100.0,
            "count": 14
        },
        "Hide.Policy.ExtrinsicReward.mean": {
            "value": -100.0,
            "min": -100.0,
            "max": -100.0,
            "count": 14
        },
        "Hide.Policy.ExtrinsicReward.sum": {
            "value": -100.0,
            "min": -500.0,
            "max": -100.0,
            "count": 14
        },
        "Hide.Losses.PolicyLoss.mean": {
            "value": 0.24571190402133417,
            "min": 0.23781074847681968,
            "max": 0.2605565777698727,
            "count": 50
        },
        "Hide.Losses.PolicyLoss.sum": {
            "value": 7.371357120640025,
            "min": 4.641675374662313,
            "max": 7.569216893235333,
            "count": 50
        },
        "Hide.Losses.ValueLoss.mean": {
            "value": 0.0024401931609569307,
            "min": 0.0024401931609569307,
            "max": 92.77939628121334,
            "count": 50
        },
        "Hide.Losses.ValueLoss.sum": {
            "value": 0.07320579482870793,
            "min": 0.07320579482870793,
            "max": 1762.8085293430534,
            "count": 50
        },
        "Hide.Policy.LearningRate.mean": {
            "value": 2.9154990282e-06,
            "min": 2.9154990282e-06,
            "max": 0.0002970827693934631,
            "count": 50
        },
        "Hide.Policy.LearningRate.sum": {
            "value": 8.7464970846e-05,
            "min": 8.7464970846e-05,
            "max": 0.0069261450912852,
            "count": 50
        },
        "Hide.Policy.Epsilon.mean": {
            "value": 0.1009718,
            "min": 0.1009718,
            "max": 0.19902758947368424,
            "count": 50
        },
        "Hide.Policy.Epsilon.sum": {
            "value": 3.029154,
            "min": 2.9953768000000007,
            "max": 5.308714800000001,
            "count": 50
        },
        "Hide.Policy.Beta.mean": {
            "value": 0.0005000000000000001,