{
    "name": "root",
    "gauges": {
        "Seek.Policy.Entropy.mean": {
            "value": 9.652207374572754,
            "min": 9.485599517822266,
            "max": 9.652207374572754,
            "count": 3
        },
        "Seek.Policy.Entropy.sum": {
            "value": 97139.8125,
            "min": 94698.609375,
            "max": 99105.546875,
            "count": 3
        },
        "Seek.Environment.EpisodeLength.mean": {
            "value": 51.669064748201436,
            "min": 51.2060606060606,
            "max": 65.94117647058823,
            "count": 3
        },
        "Seek.Environment.EpisodeLength.sum": {
            "value": 7182.0,
            "min": 7182.0,
            "max": 8968.0,
            "count": 3
        },
        "Seek.Step.mean": {
            "value": 29967.0,
            "min": 9965.0,
            "max": 29967.0,
            "count": 3
        },
        "Seek.Step.sum": {
            "value": 29967.0,
            "min": 9965.0,
            "max": 29967.0,
            "count": 3
        },
        "Seek.Policy.ExtrinsicValueEstimate.mean": {
            "value": 71.51806640625,
            "min": 70.50873565673828,
            "max": 81.77294158935547,
            "count": 3
        },
        "Seek.Policy.ExtrinsicValueEstimate.sum": {
            "value": 15733.974609375,
            "min": 15733.974609375,
            "max": 19380.1875,
            "count": 3
        },
        "Seek.Environment.CumulativeReward.mean": {
            "value": 112.46718443726463,
            "min": 109.92151585331669,
            "max": 112.46718443726463,
            "count": 3
        },
        "Seek.Environment.CumulativeReward.sum": {
            "value": 15632.938636779785,
            "min": 14839.404640197754,
            "max": 18390.658615112305,
            "count": 3
        },
        "Seek.Policy.ExtrinsicReward.mean": {
            "value": 112.46718443726463,
            "min": 109.92151585331669,
            "max": 112.46718443726463,
            "count": 3
        },
        "Seek.Policy.ExtrinsicReward.sum": {
            "value": 15632.938636779785,
            "min": 14839.404640197754,
            "max": 18390.658615112305,
            "count": 3
        },
        "Seek.Losses.PolicyLoss.mean": {
            "value": 0.24459082135142288,
            "min": 0.24047697638923574,
            "max": 0.24459082135142288,
            "count": 3
        },
        "Seek.Losses.PolicyLoss.sum": {
            "value": 19.078084065410984,
            "min": 16.8333883472465,
            "max": 19.078084065410984,
            "count": 3
        },
        "Seek.Losses.ValueLoss.mean": {
            "value": 61.93541887727206,
            "min": 61.93541887727206,
            "max": 340.2616493455257,
            "count": 3
        },
        "Seek.Losses.ValueLoss.sum": {
            "value": 4830.962672427221,
            "min": 4830.962672427221,
            "max": 23818.3154541868,
            "count": 3
        },
        "Seek.Policy.LearningRate.mean": {
            "value": 0.0002849611050129666,
            "min": 0.0002849611050129666,
            "max": 0.0002967159953803828,
            "count": 3
        },
        "Seek.Policy.LearningRate.sum": {
            "value": 0.022226966191011395,
            "min": 0.020770119676626796,
            "max": 0.022405089231636997,
            "count": 3
        },
        "Seek.Policy.Epsilon.mean": {
            "value": 0.19498703333333336,
            "min": 0.19498703333333336,
            "max": 0.19890533142857145,
            "count": 3
        },
        "Seek.Policy.Epsilon.sum": {
            "value": 15.208988600000003,
            "min": 13.9233732,
            "max": 15.208988600000003,
            "count": 3
        },
        "Seek.Policy.Beta.mean": {
            "value": 0.04999999999999998,
            "min": 0.04999999999999998,
            "max": 0.04999999999999999,
            "count": 3
        },
        "Seek.Policy.Beta.sum": {
            "value": 3.8999999999999986,
            "min": 3.499999999999999,
            "max": 3.8999999999999986,
            "count": 3
        },
        "Seek.IsTraining.mean": {
            "value": 1.0,
            "min": 1.0,
            "max": 1.0,
            "count": 3
        },
        "Seek.IsTraining.sum": {
            "value": 1.0,
            "min": 1.0,
            "max": 1.0,
            "count": 3
        },
        "Hide.Policy.Entropy.mean": {
            "value": 6.645681858062744,
            "min": 6.411240577697754,
            "max": 6.645681858062744,
            "count": 3
        },
        "Hide.Policy.Entropy.sum": {
            "value": 66882.140625,
            "min": 64435.328125,
            "max": 66984.640625,
            "count": 3
        },
        "Hide.Environment.EpisodeLength.mean": {
            "value": 51.669064748201436,
            "min": 51.2060606060606,
            "max": 65.94117647058823,
            "count": 3
        },
        "Hide.Environment.EpisodeLength.sum": {
            "value": 7182.0,
            "min": 7182.0,
            "max": 8968.0,
            "count": 3
        },
        "Hide.Step.mean": {
            "value": 29967.0,
            "min": 9965.0,
            "max": 29967.0,
            "count": 3
        },
        "Hide.Step.sum": {
            "value": 29967.0,
            "min": 9965.0,
            "max": 29967.0,
            "count": 3
        },
        "Hide.Policy.ExtrinsicValueEstimate.mean": {
            "value": -67.11277770996094,
            "min": -67.11277770996094,
            "max": -33.7241096496582,
            "count": 3
        },
        "Hide.Policy.ExtrinsicValueEstimate.sum": {
            "value": -14764.810546875,
            "min": -15791.984375,
            "max": -7621.6484375,
            "count": 3
        },
        "Hide.Environment.CumulativeReward.mean": {
            "value": -100.0,
            "min": -100.0,
            "max": -100.0,
            "count": 3
        },
        "Hide.Environment.CumulativeReward.sum": {
            "value": -13900.0,
            "min": -16600.0,
            "max": -13500.0,
            "count": 3
        },
        "Hide.Policy.ExtrinsicReward.mean": {
            "value": -100.0,
            "min": -100.0,
            "max": -100.0,
            "count": 3
        },
        "Hide.Policy.ExtrinsicReward.sum": {
            "value": -13900.0,
            "min": -16600.0,
            "max": -13500.0,
            "count": 3
        },
        "Hide.Losses.PolicyLoss.mean": {
            "value": 0.25122729109695957,
            "min": 0.24362011331166478,
            "max": 0.25122729109695957,
            "count": 3
        },
        "Hide.Losses.PolicyLoss.sum": {
            "value": 19.59572870556285,
            "min": 17.385217665805147,
            "max": 19.59572870556285,
            "count": 3
        },
        "Hide.Losses.ValueLoss.mean": {
            "value": 239.01439863158578,
            "min": 239.01439863158578,
            "max": 945.6781954044297,
            "count": 3
        },
        "Hide.Losses.ValueLoss.sum": {
            "value": 18643.12309326369,
            "min": 18643.12309326369,
            "max": 66197.47367831008,
            "count": 3
        },
        "Hide.Policy.LearningRate.mean": {
            "value": 0.0002849611050129666,
            "min": 0.0002849611050129666,
            "max": 0.0002967159953803828,
            "count": 3
        },
        "Hide.Policy.LearningRate.sum": {
            "value": 0.022226966191011395,
            "min": 0.020770119676626796,
            "max": 0.022405089231636997,
            "count": 3
        },
        "Hide.Policy.Epsilon.mean": {
            "value": 0.19498703333333336,
            "min": 0.19498703333333336,
            "max": 0.19890533142857145,
            "count": 3
        },
        "Hide.Policy.Epsilon.sum": {
            "value": 15.208988600000003,